Appliction Number,REGNO,Department,YEAR,Name of the Student,Address,LOCALITY,CITY,STATE,ZIP CODE,Phone Number,e-mail i.d,DOB,YEAR OF JOINING,GQ/ MQ,H / DS,Previous Due,I GR Concession,SC Tuition Fees Concession,Tuition Fees,Transport & Food / Hostel Fee,Hostel Fee,Total Fees,Total Fees with Previous Dues,Tuition fee Due,Tra. Due,hostel Due,Paid,Pending,Payment Type
,310116104001,CSE,III,AAKASH S,"52, CHINNA MANIYAKARA STREET",CHENGALPATTU,KANCHIPURAM DT. 603 001,TN,603001,9443398018/9445817068,,6/1/1999,2016,MQ,DS,0,,,70000,44000,,114000,114000,0,0,0,114000,0,
,310116104003,CSE,III,ADHAVAN V,"13, JAGAJEEVANRAM STREET, MANAMAI",KALPAKKAM,KANCHIPURAM DT. 603 102,TN,603102,9360636364,,9/1/1998,2016,MQ,DS,0,,,0,44000,,44000,44000,0,24000,0,20000,24000,
,310116104004,CSE,III,ANANTH P,"1/31, PERIYAKOLLAI STREET","MANGADU & POST, ALANGUDI TK.",PUDUKKOTTAI DT. 622 304,TN,622304,9962650723/9962650724,,28/08/1999,2016,GQ,DS,0,,,25000,44000,,69000,69000,0,0,0,69000,0,
,310116104005,CSE,III,ANGEL SNOFIYA J,"10/15, SURATHAMMAN KOIL STREET","SRINIVASAN NAGAR, NEW PERUNGALATHUR",CHENNAI 600 063,TN,600063,9940459776/8438397803/9790936259,,1/9/1998,2016,GQ,DS,0,,,25000,44000,,69000,69000,0,0,0,69000,0,
,310116104006,CSE,III,ANITHA B,"22, KRISHNAPPA STREET",CHEPAUK,CHENNAI 600 005,TN,600005,9444113605/9445844386,,14/09/1999,2016,MQ,DS,0,,,70000,44000,,114000,114000,0,0,0,114000,0,
,310116104007,CSE,III,ARCHANA K,"65-E, KATTUKUDALOOR ROAD",VIRUDHACHALAM,CUDDALORE DT. 606 001,TN,606001,9842366339/8883391922/9486681501,,6/6/1999,2016,GQ,H,0,,,45000,,60000,105000,105000,0,0,0,105000,0,
,310116104008,CSE,III,ARCOT GIRIDHARAN RANJANI,"PLOT No.4, INDIRA NAGAR,","NEAR ZION MATRIC SCHOOL, SELAIYUR",CHENNAI 600 073,TN,600073,8754450577/9626748003,,3/7/1998,2016,GQ,DS,0,,,45000,44000,,89000,89000,0,0,0,89000,0,
,310116104009,CSE,III,ARUL SELVAM S,"38/1, SELLIYAMMAN KOIL STREET, PINNALUR",BHUVANAGIRI TK.,CUDDALORE DT. 608 704,TN,608704,7708897881,,6/10/1997,2016,MQ,DS,0,,,70000,44000,,114000,114000,0,0,0,114000,0,
,310116104010,CSE,III,ARUN RAJA R,"85-A, MARIAMMAN KOIL STREET, INDILI VILLAGE","ULAGAMKATHAN POST, KALLAKURICHI TK.",VILLUPURAM DT. 606 2013,TN,606213,9364181244,,5/11/1998,2016,GQ,H,0,,,25000,,60000,85000,85000,0,0,35000,50000,35000,
,310116104011,CSE,III,ASHWINI L,"30, NAGAPILLAI AVENUE, SOUNDHARYA NAGAR",PERUNGUDI,CHENNAI 600 096,TN,600096,9884239334/8939416646,,2/12/1998,2016,GQ,DS,0,,,25000,44000,,69000,69000,0,0,0,69000,0,
,310116104012,CSE,III,CHARAN S,"18, SHENBAGAM, DAE TOWNSHIP","ANUPURAM, THIRUKALUKUNDRAM TK.",KANCHIPURAM DT. 603 127,TN,603127,9994074575/9566017497/27482760,,19/05/1999,2016,GQ,DS,0,,,45000,44000,,89000,89000,0,0,0,89000,0,
,310116104013,CSE,III,CHARUMATHI S,"180, CHIDAMBARAM MAIN ROAD","KEERAPALAYAM, CHIDAMBARAM TK.",CUDDALORE DT. 608 602,TN,608602,8870399746/8056050584,,25/06/1998,2016,GQ,H,0,,,25000,,60000,85000,85000,0,0,0,85000,0,
,310116104014,CSE,III,DEEPA J,"22, SHEELA NAGAR 4th STREET",MADIPAKKAM,CHENNAI 600 091,TN,600091,9840425938/9940319163,,15/10/1998,2016,GQ,DS,0,,,25000,44000,,69000,69000,0,0,0,69000,0,
,310116104015,CSE,III,DEEPAK R,"PLOT No.98, FLAT No.F1, VGP NAGAR",MEDAVAKKAM,CHENNAI 600 100,TN,600100,9962874101/9444550354,,15/12/1998,2016,GQ,DS,0,,,45000,44000,,89000,89000,0,0,0,89000,0,
,310116104016,CSE,III,DEEPIKA N,"1/65, BHARATHI NAGAR, 4th CROSS STREET",PALAVAKKAM,CHENNAI 600 041,TN,600041,9787065438/7708247472/9943179426,,22/08/1999,2016,GQ,H,0,,,25000,,60000,85000,85000,0,0,0,85000,0,
,310116104018,CSE,III,DEVI S,"1/4, GANGAI AMMAN KOIL STREET, SENGADU","ILLALUR, THIRUPORUR TK.",KANCHIPURAM DT. 603 110,TN,603110,9498020309,,19/06/1998,2016,GQ,DS,0,,,25000,44000,,69000,69000,0,0,0,69000,0,
,310116104017,CSE,III,DEVIKA S,"V-3, M.R.C.STAFF QUARTERS, KANNIGAPURAM","VELACHERY MAIN ROAD, GUINDY",CHENNAI 600 032,TN,600032,7299962600/9841520926,,30/08/1999,2016,MQ,DS,0,,,70000,44000,,114000,114000,0,0,0,114000,0,
,310116104019,CSE,III,DHUARSHINE M,"C-15, LANTERN STREET, BLOCK-27",NEYVELI,CUDDALORE DT. 607 803,TN,607803,9940803600/9952793110,,17/09/1998,2016,MQ,H,0,,,70000,,62000,132000,132000,0,0,0,132000,0,
,310116104020,CSE,III,DILLI BABU R,"6, MADAM STREET",THIRUPORUR,KANCHIPURAM DT. 603 110,TN,603110,9382961201,,21/05/1999,2016,MQ,DS,0,,,70000,44000,,114000,114000,0,0,0,114000,0,
,310116104021,CSE,III,DINESH K,"15/18, K.R. RAMASWAMY NAGAR",VELACHERY,CHENNAI 600 042,TN,600042,9003074995/9789805912,,1/10/1998,2016,GQ,DS,0,,,45000,44000,,89000,89000,0,0,0,89000,0,
,310116104022,CSE,III,DIVYA B,"12/266-A, Dr.RAJENDRA PRASAD STREET",MEDAVAKKAM,CHENNAI 600 100,TN,600100,9791135709/8190077646,,1/11/1998,2016,GQ,DS,0,,,25000,44000,,69000,69000,0,0,0,69000,0,
,310116104023,CSE,III,DURGA DEVI U,"5/2, SENGAZHUNEER PILLAYAR KOIL STREET",MYLAPORE,CHENNAI 600 004,TN,600004,9841059555/9941231908,,22/10/1998,2016,GQ,DS,0,,,25000,44000,,69000,69000,0,0,0,69000,0,
,310116104024,CSE,III,GANESH K,"39-A, METTU STREET, MAVATTAMBADI","KAPPAI POST, GINGEE TK.",VILLUPURAM DT. 604 205,TN,604205,9943652019/9159407157/9381938145,,3/7/1999,2016,GQ,DS,0,,,25000,44000,,69000,69000,0,0,0,69000,0,
,310116104025,CSE,III,GANESH V,"97/3, 6.KISHORE COMPLEX, VILLAGE STREET","SATHUMA NAGAR, THIRUVOTRIYUR",CHENNAI 600 019,TN,600019,9444494126/8939721136,,19/01/1999,2016,GQ,DS,0,,,45000,44000,,89000,89000,0,0,0,89000,0,
,310116104026,CSE,III,GNANESHWARAN R,"5, ELANGO ADIGAL STREET, PERIYAR NAGAR",PALLIKARANAI,CHENNAI 600 100,TN,600100,9444180286/9884833323,,8/11/1998,2016,GQ,DS,0,,,0,44000,,44000,44000,0,0,0,44000,0,
,310116104027,CSE,III,GOPIKAMANI V,,,,TN,,9381007930,,6/9/1998,2016,MQ,DS,0,,,70000,44000,,114000,114000,0,0,0,114000,0,
,310116104028,CSE,III,GOPI P,"C-206, ASNAMBUT ROAD, KAMBI KOLLAI",AMBUR,VELLORE DT. 635 802,TN,635802,9994066217/9894840421,,10/8/1998,2016,GQ,H,0,,,45000,,60000,105000,105000,0,0,0,105000,0,
,310116104029,CSE,III,HARI PRASANTH K,"19 & 20, GOVINDAN STREET, METTUPALAYAM",PERAMBUR,CHENNAI 600 012,TN,600012,9677028049/9444839084,,19/08/1998,2016,GQ,DS,0,,,45000,44000,,89000,89000,0,0,0,89000,0,
,310116104030,CSE,III,INCHOLE A,"4/107, KAMBAR STREET",VIRUDHACHALAM,CUDDALORE DT. 606 001,TN,606001,9942224099/9786299205/8940052529,,12/10/1998,2016,GQ,H,0,,,45000,,60000,105000,105000,0,0,0,105000,0,
,310116104031,CSE,III,JAYALAKSHMI P,"138/23, SRINIVASAPURAM",PATTINAPPAKKAM,CHENNAI 600 028,TN,600028,9884151995/9791034857,,4/6/1999,2016,GQ,DS,0,,,25000,44000,,69000,69000,0,0,0,69000,0,
,310116104032,CSE,III,JOEL CHRISTOPHER J,"55, MADHA KOIL 3rd CROSS STREET","KATTANKOLATHUR, CHENGALPATTU TK.",KANCHIPURAM DT. 603 203,TN,603203,9489865466/7200228475,,9/6/1999,2016,GQ,DS,0,,,25000,44000,,69000,69000,0,0,0,69000,0,
,310116104033,CSE,III,KARTHIKEYAN S E,"13-115D, PATTU VILAI, THICKANAMCODE",KALKULAM TK.,KANYAKUMARI DT. 629 804,TN,629804,9443606306/9487387330,,29/06/1999,2016,MQ,H,0,,,70000,,60000,130000,130000,0,0,0,130000,0,
,310116104034,CSE,III,KARTHIK R,"47/20, AZIZ MULK 3rd STREET",THOUSAND LIGHTS,CHENNAI 600 006,TN,600006,9445657585/9841301509,,17/08/1998,2016,GQ,DS,0,,,45000,44000,,89000,89000,0,0,0,89000,0,
,310116104035,CSE,III,KEERTHANA A,"1343/E, KRISHNA NAGAR",THIRUVANNAMALAI,THIRUVANNAMALI 606 604,TN,606604,9486201101/9486369330,,15/03/1999,2016,GQ,H,0,,,25000,,60000,85000,85000,0,0,0,85000,0,
,310116104036,CSE,III,KESAVAN T,"15/22, RAGAVAN STREET",CHOOLAIMEDU,CHENNAI 600 094,TN,600094,9003253231/9710264991,,31/10/1999,2016,GQ,DS,0,,,25000,44000,,69000,69000,0,0,0,69000,0,
,310116104038,CSE,III,KOKILA V,"64, MAIN ROAD, SAVADI","KOOTHAVAKKAM, THIRUKALUKUNDRAM TK.",KANCHIPURAM DT. 603 104,TN,603104,7418410701/7094958608,,30/10/1999,2016,MQ,DS,0,,,70000,44000,,114000,114000,0,4000,0,110000,4000,
,310116104039,CSE,III,LAKSHMIBATHY B,"3/44, VEMBULI AMMAN KOIL STREET, 8, KARANAI","THALMBUR POST, CHENGALPATTU TK.",KANCHIPURAM DT. 600 130,TN,600130,9840771338/8939371378,,7/10/1998,2016,GQ,DS,0,,,25000,44000,,69000,69000,0,0,0,69000,0,
,310116104040,CSE,III,MADHAN BALAJI M,"2G2, GANDHI NAGAR, 2nd CROSS STREET",MELUR TK.,MADURAI DT. 625 106,TN,625106,8056906910/9787148933/9790923366,,16/07/1999,2016,GQ,H,0,,,25000,,60000,85000,85000,0,0,0,85000,0,
,310116104041,CSE,III,MADHIVATHANA S,RANI ANNA NAGAR 1st STREET,GUDUVANCHERI,KANCHIPURAM DT. 603 202,TN,603202,9445714998/9444625795,,8/9/1999,2016,GQ,DS,0,,,25000,44000,,69000,69000,0,0,0,69000,0,
,310116104042,CSE,III,MADHUMITHA P,"5/3, 38th STREET",NANGANALLUR,CHENNAI 600 061,TN,600061,9884124900/9176419587,,12/6/1999,2016,GQ,DS,0,,,45000,44000,,89000,89000,0,0,0,89000,0,
,310116104043,CSE,III,MAHIMA S,"17/FLAT No.F1, VETRIVEL NAGAR",KOLATHUR,CHENNAI 600 099,TN,600099,7418802662/9884208482,,1/6/1998,2016,MQ,DS,0,,,70000,44000,,114000,114000,0,0,0,114000,0,
,310116104044,CSE,III,MALATHY J,"3/108, PILLAYAR KOIL STREET, KAZHPATTUR","PADUR POST, THIRUPORUR TK.",KANCHIPURAM DT. 603 103,TN,603103,9176072753,,28/03/1999,2016,MQ,DS,0,,,0,44000,,44000,44000,0,0,0,44000,0,
,310116104045,CSE,III,MANIKANDAN R,"1/584, MANAKKOLLAI, VETTANVIDUTHY POST",KARAMBAKUDI TK.,PUDUKKOTTAI DT. 622 301,TN,622301,9585343446/9962650723,,4/9/1999,2016,GQ,DS,0,,,25000,44000,,69000,69000,0,0,0,69000,0,
,310116104046,CSE,III,MANIMARAN K,"53-A, K.S.PARTHASARATHY STREET","ORIKKAI, KANCHIPURAM TK.",KANCHIPURAM DT. 631 502,TN,631502,9566206256/9944130150/9944130155,,9/12/1998,2016,GQ,H,0,,,25000,,60000,85000,85000,0,0,0,85000,0,
,310116104047,CSE,III,MARIYA DILIP K,"2/347, 8th STREET, NANDHANAR NAGAR","KELAMBAKKAM, THIRUPORUR TK.",KANCHIPURAM DT. 603 103,TN,603103,7358729048/9677144984,,24/12/1998,2016,GQ,DS,0,,,45000,44000,,89000,89000,0,0,0,89000,0,
,310116104048,CSE,III,MOHAMED ASLAM A,"10, INDHIRA STREET",ULLAGARAM,CHENNAI 600 061,TN,600061,9710117736/9841185388,,28/11/1997,2016,GQ,DS,0,,,45000,44000,,89000,89000,0,0,0,89000,0,
,310116104049,CSE,III,MOUNISHA R,"43-A, NADU STREET, SAMIYARPETTAI",BHUVANAGIRI TK.,CUDDALORE DT. 608 502,TN,608502,9865659513/9865098245,,9/2/1999,2016,GQ,H,0,,,25000,,60000,85000,85000,0,0,0,85000,0,
,310116104050,CSE,III,MUKESH K,"4/256, MMDA COLONY",MADHURAVOYAL,CHENNAI 600 095,TN,600095,9790706410/9597307558,,16/05/1999,2016,GQ,DS,0,,,45000,44000,,89000,89000,0,0,0,89000,0,
,310116104051,CSE,III,MUTHU GURU MADHAVAN S,"101/73, SIVAGAMIPURAM STREET",RAJAPALAYAM,VIRUDHUNAGAR DT. 626 117,TN,626117,9578858894/9894157024/04563-232891,,26/12/1998,2016,MQ,H,0,,,70000,,60000,130000,130000,0,0,0,130000,0,
,310116104052,CSE,III,MUTHUKALYANASUNDARAM M,"17/115, EAST STREET, THATCHANVILLAI & POST",SATHANKULAM TK.,TUTICORIN DT. 628 656,TN,628656,8056036895/9962235755/04369-255333,,20/05/1997,2016,MQ,H,0,,,70000,,60000,130000,130000,0,0,0,130000,0,
,310116104053,CSE,III,MUTHUSELVI M,"93, MANGALA NAGAR 1st MAIN ROAD",PORUR,CHENNAI 600 116,TN,600116,9790367763/9944769771,,17/08/1998,2016,GQ,DS,0,,,25000,44000,,69000,69000,0,0,0,69000,0,
,310116104054,CSE,III,NAGALAKSHMI A,"4/257, KALANJIYAM NAGAR",ANDAR KOTTARAM,MADURAI 625 020,TN,625020,9245561753/8148145045,,15/05/1999,2016,GQ,H,0,,,25000,,40000,65000,65000,0,0,0,65000,0,
,310116104055,CSE,III,NANDHA KUMAR V,"49, CHOLAMANDALA DEVI NAGAR 10th STREET",INJAMBAKKAM,CHENNAI 600 115,TN,600115,9840782485,,23/10/1999,2016,GQ,DS,0,,,25000,44000,,69000,69000,0,0,0,69000,0,
,310116104057,CSE,III,NITHYA R,"113, 4th STREET",OLD PALLAVARAM,CHENNAI 600 117,TN,600117,9884247020/8608900720/7092977070,,28/04/1998,2016,GQ,DS,0,,,25000,44000,,69000,69000,0,0,0,69000,0,
,310116104058,CSE,III,PADMA PRIYA B,"172, SOUNDI STREET,",ALLAMPATTI,VIRUDHUNAGAR DT. 626 001,TN,626001,9894141561/9844723617,,26/04/1999,2016,GQ,H,0,,,45000,,60000,105000,105000,45000,0,60000,0,105000,
,310116104060,CSE,III,PAVITHRA J,"108, PALAMANER ROAD, PICHANOORPET",GUDIYATHAM,VELLORE DT. 632 602,TN,632602,8754939362/9597233883/9629210712,,27/07/1999,2016,GQ,DS,0,,,25000,44000,,69000,69000,0,0,0,69000,0,
,310116104061,CSE,III,PAVITHRA R,"4/28, AMBEDKAR STREET, LAKSHMIPURAM",THIRUVANMIYUR,CHENNAI 600 041,TN,600041,9790209512/9790209518,,2/6/1998,2016,MQ,DS,0,,,70000,44000,,114000,114000,0,0,0,114000,0,
,310116104062,CSE,III,PRAVEEN G,"80/4, ANDAVAN KOIL , THENNANGUDI","UKKADAI MAVADUKURICHI, PERAVURANI TK.",THANJAVUR DT. 614 804,TN,614804,9688570194/7299130436,,18/07/1998,2016,GQ,DS,0,,,25000,44000,,69000,69000,0,0,0,69000,0,
,310116104063,CSE,III,PRAVEEN RAJ P,"23, VENKAT NARAYANA STREET",T.NAGAR,CHENNAI 600 017,TN,600017,8754543559/9884210136,,5/8/1998,2016,MQ,DS,0,,,70000,44000,,114000,114000,0,0,0,114000,0,
,310116104064,CSE,III,PRIYADHARSHINI S,"65/81, PILLAYAR KOIL STREET",VELAPADI,VELLORE 632 007,TN,632007,9626508013/9841014446,,10/9/1999,2016,GQ,H,0,,,25000,,60000,85000,85000,0,0,0,85000,0,
,310116104065,CSE,III,PUNITHA A,"12, NAGA PILLAI AVENUE, SOUNDARYA NAGAR",PERUNGUDI,CHENNAI 600 096,TN,600096,9940083662/8148494831,,24/10/1998,2016,GQ,DS,0,,,25000,44000,,69000,69000,0,0,0,69000,0,
,310116104066,CSE,III,PUSHPA PRIYA P,"19, 2nd AVENUE, DAE TOWNSHIP",KALPAKKAM,KANCHIPURAM DT. 603 102,TN,603102,9445186725/27487451,,29/05/1998,2016,MQ,DS,0,,,70000,44000,,114000,114000,0,0,0,114000,0,
,310116104067,CSE,III,RAGUNATH N,"15/7, GANDHI NAGAR 1st STREET","SATHUMANAGAR, THIRUVOTRIYUR",CHENNAI 600 019,TN,600019,9444072152,,23/06/1999,2016,MQ,DS,0,,,70000,44000,,114000,114000,0,0,0,114000,0,
,310116104068,CSE,III,RAKSHITA N,"16-A, T.H.ROAD 4th LANE",TONDIARPET,CHENNAI 600 081,TN,600081,9884099936/9094551150/25956662,,24/06/1999,2016,MQ,DS,0,,,70000,44000,,114000,114000,0,0,0,114000,0,
,310116104069,CSE,III,RAMAPRIYADHARSHINI M,"85, KOTTAITHALAI VASAL STREET",SRIVILLIPUTTUR,VIRUDHUNAGAR DT. 626 125,TN,626125,8220169060/9688568625,,31/05/1999,2016,GQ,DS,0,,,25000,44000,,69000,69000,0,0,0,69000,0,
,310116104070,CSE,III,RAMYA B,"229/73-C, MALLIGAIPOO NAGAR",ADYAR,CHENNAI 600 020,TN,600020,9841106526/7401042089/9884746973,,17/03/1998,2016,GQ,DS,0,,,25000,44000,,69000,69000,0,0,0,69000,0,
,310116104071,CSE,III,RANJITH KUMARAN R,"86/78, VILLAGE STREET","SATHUMANAGAR, THIRUVOTRIYUR",CHENNAI 600 019,TN,600019,9444408000/9381766443,,29/04/1999,2016,MQ,DS,0,,,70000,44000,,114000,114000,0,0,0,114000,0,
,310116104073,CSE,III,REETHU N,"5/59, THIRU VI KA STREET",PALAVAKKAM,CHENNAI 600 096,TN,600096,9003161075/9092293537,,17/02/1998,2016,GQ,DS,0,,,0,44000,,44000,44000,0,0,0,44000,0,
,310116104074,CSE,III,ROSHAN ROMANSE,"23/9-A, ST.XAVIER STREET, K.R.PURAM, CHINNATHURAI","THOOTHOOR POST, VILAVANCODE TK.",KANYAKUMARI DT. 629 176,TN,629176,9344410884/8015646212,,18/05/1998,2016,GQ,DS,0,,,45000,44000,,89000,89000,0,0,0,89000,0,
,310116104075,CSE,III,SACHIN M,"FLAT No.3, 77/1, SUBBURAYAN STREET",PALAVAKKAM,CHENNAI 600 041,TN,600041,9840889475/9710382214,,1/8/1998,2016,GQ,DS,0,,,,44000,,44000,44000,0,0,0,44000,0,
,310116104076,CSE,III,SAIARCHANA R,"K-BLOCK, MIG BLOCK, K-2, FORESHORE ESTATE",SANTHOME,CHENNAI 600 028,TN,600028,9578443700/9600614728/9790931739,,14/07/1999,2016,GQ,DS,0,,,25000,44000,,69000,69000,0,0,0,69000,0,
,310116104077,CSE,III,SAILESH REDDY B,"77, BURKIT ROAD",T.NAGAR,CHENNAI 600 017,TN,600017,9840367179/9841313562/9445951803,,29/06/1999,2016,MQ,DS,0,,,70000,44000,,114000,114000,0,0,0,114000,0,
,310116104078,CSE,III,SAIRAJ R,"117-B, 7th STREET",MANNIVAKKAM,CHENNAI 600 048,TN,600048,9444913820/8608112086,,7/6/1999,2016,GQ,DS,0,,,25000,44000,,69000,69000,0,0,0,69000,0,
,310116104079,CSE,III,SAKTHI BALA K S,"31/3, RICE MILL STREET, KOHILAPURAM",UTHAMAPALAYAM TK.,THENI DT. 625 526,TN,625526,9994936766/8608567628/04554-253966,,13/04/1999,2016,GQ,H,0,,,25000,,60000,85000,85000,0,0,0,85000,0,
,310116104080,CSE,III,SAMYUKTHA N,"73, ALAGU MUTHU STREET, SINGARATHOPE",CUDDALORE O T,CUDDALORE DT. 607 003,TN,607003,9003567770,,24/06/1998,2016,GQ,H,0,,,45000,,60000,105000,105000,0,0,0,105000,0,
,310116104081,CSE,III,SATHISHKUMAR G,"2/90-A, KOVIL STREET, VATTAAKUDI NORTH","VATTAAKUDI POST, PATTUKOTTAI TK.",TANJORE DT. 614 613,TN,614613,9566554464/7639274532,,6/1/1999,2016,GQ,H,0,,,45000,,60000,105000,105000,0,0,0,105000,0,
,310116104082,CSE,III,SATHISH KUMAR R,"18/26, KUMARASWAMY KOIL STREET",TIRUPATTUR,VELLORE DT. 635 601,TN,635601,9994070525/9600274616,,20/08/1998,2016,MQ,H,0,,,70000,,60000,130000,130000,0,0,0,130000,0,
,310116104083,CSE,III,SELVAMANI G,"64, MAIN ROAD, PAVAZHAKARAN CHATRAM","KOOTHAPAKKAM, CHENGALPATTU TK.",KANCHIPURAM DT. 603 104,TN,603104,8122231339,,16/04/1999,2016,MQ,DS,0,,,70000,44000,,114000,114000,0,0,0,114000,0,
,310116104084,CSE,III,SHANKAR V,"33/39, NATTEL GARDEN II STREET",PERAMBUR,CHENNAI 600 011,TN,600011,9445404006/9444631721/25521557,,1/4/1999,2016,GQ,DS,0,,,45000,44000,,89000,89000,0,0,0,89000,0,
,310116104085,CSE,III,SINDHUMATHI S,"MGR STREET, AMOOR","MANAMPATHY, THIRUPORU TK.",KANCHIPURAM DT. 603 105,TN,603105,8870755417,,7/9/1998,2016,MQ,DS,0,,,0,44000,,44000,44000,0,0,0,44000,0,
,310116104086,CSE,III,SOWMYA M,"2-B, NAVALAR STREET, KORUKKUPET",TONDIARPET TK.,CHENNAI 600 021,TN,600021,9841512278/9841894043/7299912278,,29/12/1998,2016,GQ,DS,0,,,25000,44000,,69000,69000,0,0,0,69000,0,
,310116104087,CSE,III,SUBALAKSHMI J,"677/(1), MOZHUKANDI STREET, MUTHANDIKUPPAM",PANRUTI TK.,CUDDALORE DT. 607 805,TN,607805,9842567955/8489257461/9842567955,,17/07/1998,2016,GQ,H,0,,,25000,,60000,85000,85000,0,0,0,85000,0,
,310116104088,CSE,III,SUBALAKSHMI S,"30/1-A, PILLAYAR KOIL STREET","MANGALAM, PATTABIRAM",CHENNAI 600 072,TN,600072,9941224080/9840857393,,3/8/1999,2016,GQ,DS,0,,,25000,44000,,69000,69000,0,0,0,69000,0,
,310116104089,CSE,III,SUDHA S,"246-A, MUPPUDATHI AMMAN KOVIL STREET",TENKASI,THIRUNELVELI DT. 627 811,TN,627811,9626517500,,3/7/1999,2016,GQ,DS,0,,,25000,44000,,69000,69000,0,0,0,69000,0,
,310116104090,CSE,III,SUGANTHI E,"2/15, MOOPANAR SALAI, NESAVALAR NAGAR","JALLADIANPET, MEDAVAKKAM",CHENNAI 600 100,TN,600100,7358295901/9176177845,,3/8/1999,2016,GQ,DS,0,,,25000,44000,,69000,69000,0,0,0,69000,0,
,310116104091,CSE,III,SUHAIL ABBAS A,"49-A, ARUNODHAYAM NAGAR, 6th CROSS STREET","NANMANGALAM, SEMBAKKAM",CHENNAI 600 117,TN,600117,9003186878/9003039539,,1/11/1998,2016,GQ,DS,0,,,25000,44000,,69000,69000,0,0,0,69000,0,
,310116104092,CSE,III,SUHANTH P,"8/21, CPWD QUARTERS",K.K.NAGAR,CHENNAI 600 078,TN,600078,9444330294/9445154594,,26/11/1997,2016,GQ,DS,0,,,45000,44000,,89000,89000,0,0,0,89000,0,
,310116104093,CSE,III,SUNDHAR V,"6/188, VANATHURAI KUDIYIRUPPU MAIN ROAD",PERUMBAKKAM,CHENNAI 600 100,TN,600100,9884371775/9940558814,,7/10/1998,2016,GQ,DS,0,,,25000,44000,,69000,69000,0,0,0,69000,0,
,310116104094,CSE,III,SURESH B,"8-F, ODAI STREET",VANUVAMPETTAI,CHENNAI 600 091,TN,600091,9444462344/9566062341/9940122671,,12/9/1998,2016,GQ,DS,0,,,25000,44000,,69000,69000,0,0,0,69000,0,
,310116104095,CSE,III,SURYA S,"1/178, SOUTH STREET, EZHILUR",THIRUTHURAIPOONDI,THIRUVARUR DT. 614 715,TN,614715,9360310304/9597175440/9884584206,,25/03/1999,2016,GQ,DS,0,,,45000,44000,,89000,89000,0,0,0,89000,0,
,310116104096,CSE,III,SWETHA M,"20/4, MADHURAM FLATS, THIRUVEEDHI AMMAN KOIL STREET",THIRUVANMIYUR,CHENNAI 600 041,TN,600041,9790876125/24571083,,30/11/1998,2016,MQ,DS,0,,,70000,44000,,114000,114000,0,0,0,114000,0,
,310116104097,CSE,III,SWETHA R,"2/9, BIG STREET, VEERAPURAM",THIRUKALUKUNDRAM,KANCHIPURAM DT. 603 109,TN,603109,9566468141/9444470364,,28/05/1999,2016,MQ,DS,0,,,70000,44000,,114000,114000,0,0,0,114000,0,
,310116104098,CSE,III,TAMILARASAN S,"28, 21st CROSS STREET, SAI GANESH NAGAR",PALLIKARANAI,CHENNAI 600 100,TN,600100,9500044326/9790810529,,24/06/1999,2016,MQ,DS,0,,,70000,44000,,114000,114000,0,0,0,114000,0,
,310116104099,CSE,III,TAMILARASU S,"28, PADAVATTAMMAN KOIL STREET","KANNAGAPATTU, THIRUPORUR",KANCHIPURAM DT. 603 110,TN,603110,8939169596/9840134065,,2/4/1999,2016,GQ,DS,0,,,0,44000,,44000,44000,0,0,0,44000,0,
,310116104100,CSE,III,VASUMATHI T,"L-103, BROWN STAR APARTMENT","WOOTHENCHERY, MADAMBAKKAM MAIN ROAD",CHENNAI 600 126,TN,600126,8220099232,,17/10/1998,2016,MQ,DS,0,,,70000,44000,,114000,114000,0,0,0,114000,0,
,310116104101,CSE,III,VENKATASH K,"24th CROSS STREET, JALADIANPET","SAI GANESH NAGAR, PALLIKARANAI",CHENNAI 600 100,TN,600100,9600039885/9841424198,,28/10/1998,2016,MQ,DS,0,,,70000,44000,,114000,114000,0,0,0,114000,0,
,310116104102,CSE,III,VIGNESH G,"9/11, SEEVAGASINTHAMANI STREET",MARAIMALAI NAGAR,KANCHIPURAM DT. 603 209,TN,603209,9940466210/8428660010,,4/10/1998,2016,GQ,DS,0,,,1000,44000,,45000,45000,0,0,0,45000,0,
,310116104103,CSE,III,VIGNESHKUMAR S,"2/134, PALLAKOLLAI, MALIYAPATTU VILLAGE","PANAMADANGI POST, KATPADI TK.",VELLORE DT. 632 202,TN,632202,9626225208/9629675488,,16/05/1999,2016,GQ,DS,0,,,45000,44000,,89000,89000,0,0,0,89000,0,
,310116104104,CSE,III,VISHNU S,"1/55-A, SANNATHI STREET, THIRUVIDANTHAI",THIRUPORUR TK.,KANCHIPURAM DT. 603 112,TN,603112,9445521499,,19/07/1998,2016,MQ,DS,0,,,70000,44000,,114000,114000,0,0,0,114000,0,
,310116104105,CSE,III,YESU AASIR ADVENT D,"1/820, ANNA SALAI, JALADIANPET",MEDAVAKKAM,CHENNAI 600 100,TN,600100,9710679705,,29/10/1998,2016,MQ,DS,0,,,70000,44000,,114000,114000,0,0,0,114000,0,
,310116104106,CSE,III,YUVARAJ M,"PLOT No.57, NANDEESWARAR NAGAR, NANDHIVARAM",GUDUVANCHERY,KANCHIPURAM DT. 603 202,TN,603202,8124485365/8608281550,,25/07/1999,2016,GQ,DS,0,,,45000,44000,,89000,89000,0,0,0,89000,0,
,310116104301,CSE,III,ARUNACHALAM S,"53/91A, ANNAISATHIYA NAGAR, 4TH STREET, GREENWAYS ROAD",MYLAPORE,CHENNAI 600028,TN,600028,9710072715,,31/10/1997,2016,GQ,DS,0,,,25000,44000,,69000,69000,0,0,0,69000,0,
,310116104302,CSE,III,PRAKASH S,"2/9, SRI NAGALAMMAN KOIL STREET, MUTTUKADU, SENGAMPATTI",KANCHEEPURAM 603112,KANCHEEPURAM 603112,TN,603112,9500060254/7845206254,,8/2/1996,2016,MQ,DS,0,,,45000,44000,,89000,89000,0,44000,0,45000,44000,
,310116104303,CSE,III,VIGNESHWARAN R,"139B, KUMARAN KUDIL ANNEX, METTUKUPPAM, CHENNAI",,CHENNAI 600097,TN,600097,8190874822,,26/08/1998,2016,MQ,DS,0,,,35000,44000,,79000,79000,0,0,0,79000,0,
,310116106001,ECE,III,ANGEL J,"1/696, 7th STREET",INJAMBAKKAM,CHENNAI 600 115,TN,600115,9884862181/9840131574,,24/09/1998,2016,GQ,DS,0,,,25000,44000,,69000,69000,0,0,0,69000,0,
,310116106002,ECE,III,ASWINRAJ A,"12, METTU STREET, KANNIAM VILLAGE",TINDIVANAM TK.,VILLUPURAM DT. 604 304,TN,604304,9787086113,,9/5/1998,2016,GQ,DS,0,,,25000,44000,,69000,69000,0,0,0,69000,0,
,310116106003,ECE,III,AUSTIN J,"6, ANNAI THERASA STREET","KAZHIPATTUR, THIRUPORUR TK.",KANCHIPURAM DT. 603 103,TN,603103,9884331008/9884701008,,24/07/1999,2016,MQ,DS,0,,,0,25000,,25000,25000,0,0,0,25000,0,
,310116106004,ECE,III,BAALAJE M,"3/246, D.S.G.NAGAR 4th STREET",PALAVAKKAM,CHENNAI 600 041,TN,600041,9841002878/9841965409,,20/12/1998,2016,MQ,DS,0,,,70000,44000,,114000,114000,0,0,0,114000,0,
,310116106005,ECE,III,BALAGANESH U,"98, MUTHAIYA NAGAR, ENATHI","KATTUMAVADI, MANAMELKUDI TK.",PUDUKOTTAI 614 630,TN,614630,8973353755/9698935375/9976080606,,12/6/1999,2016,GQ,DS,0,,,25000,44000,,69000,69000,0,0,0,69000,0,
,310116106006,ECE,III,DASMESH KOUR S L,"20/33, B-4, SRINIVASA STREET",T NAGAR,CHENNAI 600 017,TN,600017,9445657722/8939444567,,3/2/1999,2016,GQ,DS,0,,,25000,44000,,69000,69000,1000,9000,0,59000,10000,
,310116106007,ECE,III,DEVI G,"1/95, K.S.S.STREET, KELAMBAKKAM",THIRUPORUR TK.,KANCHIPURAM DT. 603 103,TN,603103,9884178177,,27/12/1998,2016,MQ,DS,0,,,70000,44000,,114000,114000,0,0,0,114000,0,
,310116106008,ECE,III,DHARSHINI R,"1/98, VELLALAR STREET, ANDAMI & POST",PATTUKKOTTAI,TANJORE DT. 614 903,TN,614903,7639297430/9585817834,,6/5/1999,2016,GQ,H,0,,,45000,,60000,105000,105000,0,0,0,105000,0,
,310116106009,ECE,III,DINESH R,"3/275, M.G.R.STREET, THIRUVALLUVAR NAGAR","JALLADIANPET, MEDAVAKKAM",CHENNAI 600 100,TN,600100,8015756096/9380692183,,22/10/1998,2016,MQ,DS,0,,,70000,44000,,114000,114000,0,0,0,114000,0,
,310116106010,ECE,III,GOKUL L,"189, 12th CROSS STREET, MAHALAKSHMI NAGAR",GUDUVANCHERI,KANCHIPURAM DT. 603 202,TN,603202,9500143217/9445760727,,16/06/1999,2016,GQ,DS,0,,,25000,44000,,69000,69000,0,0,0,69000,0,
,310116106011,ECE,III,GURUNATHAN G,"5/61, 5th STREET",DHARMAPURI 636 701,DHARMAPURI DT.,TN,636701,9344865600/9943887330/04342-269094,,5/6/1999,2016,GQ,H,0,,,45000,,60000,105000,105000,0,0,0,105000,0,
,310116106012,ECE,III,GURUPRASAD V,"4, SANNATHI STREET, EAST TAMBARAM",RAJAKILPAKKAM,CHENNAI 600 073,TN,600073,9790410393/9841290642/42835379,,13/02/1999,2016,MQ,DS,0,,,70000,44000,,114000,114000,0,0,0,114000,0,
,310116106013,ECE,III,HARIHARAPRASATH M,"62, PILLAYAR KOIL STREET, MENALLUR","ARASANIMANGALAM POST, UTHIRAMERUR TK.",KANCHIPURAM DT. 603 402,TN,603402,9585261555/9841923631,,3/7/1999,2016,GQ,H,0,,,25000,,60000,85000,85000,0,0,0,85000,0,
,310116106014,ECE,III,HARIKISHORE O M,"B-5, KUMMALAMMAN KOIL STREET",TONDIARPET,CHENNAI 600 081,TN,600081,9444174011/9445109878,,23/04/1999,2016,MQ,DS,0,,,70000,44000,,114000,114000,0,0,0,114000,0,
,310116106015,ECE,III,HARIPRIYA P,"3, GANGAI AMMAN KOIL II STREET",SHOLINGANALLUR,CHENNAI 600 119,TN,600119,9840482173/9940642995/9941868644,,8/12/1998,2016,GQ,DS,0,,,0,44000,,44000,44000,0,0,0,44000,0,
,310116106016,ECE,III,HARISH S,"3/736, KOLAVIZHI AMMAN NAGAR 7th STREET",PALAVAKKAM,CHENNAI 600 041,TN,600041,9445112758/8056182758,,15/09/1998,2016,GQ,DS,0,,,25000,44000,,69000,69000,0,0,0,69000,0,
,310116106017,ECE,III,JAISURYA S,"980-A/4, HAPPY NAGAR, NEAR ADARSH HOSPITAL","PERIYAMPATTI & POST, KARIMANGALAM TK.",DHARMAPURI DT. 635 205,TN,635205,9025431216,,14/03/1999,2016,GQ,H,0,,,45000,,60000,105000,105000,0,0,0,105000,0,
,310116106018,ECE,III,JANANI R,"2/166, RAJIV GANDHI STREET",MEDAVAKKAM,CHENNAI 600 100,TN,600100,9941513553/9941192312,,28/07/1999,2016,GQ,DS,0,,,25000,44000,,69000,69000,0,0,0,69000,0,
,310116106019,ECE,III,JAYAPRAKASH E,"PLOT No.3, EXTN-II, SIVASAKTHI NAGAR","RAJAKILPAKKAM, SEMBAKKAM",CHENNAI 600 073,TN,600073,9710450516/8939947456,,30/04/1999,2016,GQ,DS,0,,,45000,44000,,89000,89000,0,0,0,89000,0,
,310116106020,ECE,III,JAYASRI R,"4/129, PILLAYAR KOIL STREET, MUTTATHUR",VIKRAVANDI TK.,VILLUPURAM DT. 605 203,TN,605203,9787257332,,7/2/1999,2016,GQ,H,0,,,45000,,60000,105000,105000,0,0,0,105000,0,
,310116106021,ECE,III,KARAN A,"2/13, ROAD STREET, VANAKKAMBADI, KADALADI POST",MELMALAYANUR TK.,VILLUPURAM DT. 604 210,TN,604210,9788264083/9840717821,,14/09/1998,2016,GQ,H,0,,,25000,,60000,85000,85000,0,0,0,85000,0,
,310116106022,ECE,III,KARTHIKA R,"FLAT No.2, 23/1-A, MUNUSAMY STREET","VENKATESH NAGAR, VIRUGAMBAKKAM",CHENNAI 600 092,TN,600092,9994586875/9003251259,,25/11/1998,2016,GQ,DS,0,,,45000,44000,,89000,89000,0,0,0,89000,0,
,310116106023,ECE,III,KARTHIKEYAN R,"26128, PEELI AMMAN KOIL STREET",KOTTUR,CHENNAI 600 085,TN,600085,9840907989/9171111926,,19/08/1998,2016,GQ,DS,0,,,25000,44000,,69000,69000,0,0,0,69000,0,
,310116106024,ECE,III,KARTHIK K,"21, SOORATHAMMAN KOIL 3rd STREET, LAKSHMI NAGR II CROSS","PEERKKANKARANAI, NEW PERUNGALATHUR",CHENNAI 600 063,TN,600063,9940491152/9003717052,,30/12/1998,2016,GQ,DS,0,,,45000,44000,,89000,89000,0,0,0,89000,0,
,310116106025,ECE,III,KASTHURI V,"18, EAST RAJA STREET",MAMALLAPURAM,KANCHIPURAM DT. 603 104,TN,603104,9840074968,,5/9/1999,2016,MQ,DS,0,,,70000,44000,,114000,114000,0,0,0,114000,0,
,310116106026,ECE,III,KAVIYA N,"6, BERU LANEM SYRONG STREET",CUDDALORE OT,CUDDALORE DT. 607 003,TN,607003,9944175519/9600627278,,17/05/1999,2016,GQ,H,0,,,45000,,60000,105000,105000,0,0,0,105000,0,
,310116106028,ECE,III,KEERTHANA M,"352-B, VALLALAR STREET, SAKTHI NAGAR",VIRUDHACHALAM,CUDDALORE DT. 606 001,TN,606001,9842027792/8883615424/9751037717,,29/05/1999,2016,MQ,H,0,,,70000,,60000,130000,130000,0,0,0,130000,0,
,310116106029,ECE,III,KIRAN AKSHAY S,"16/43, FLAT No.30, ANAND APARTMENT","G.A.ROAD, OLD WASHERMENPET",CHENNAI 600 021,TN,600021,9677763709/8939098207,,25/11/1998,2016,GQ,DS,0,,,45000,44000,,89000,89000,0,0,0,89000,0,
,310116106030,ECE,III,LAKSHMI PRIYA P J,"2, 70th STREET, TNHB ROAD","VENKATRAMAN NAGAR, KORATTUR",CHENNAI 600 080,TN,600080,9962709175/9884514860/26870007,,21/06/1998,2016,MQ,DS,0,,,70000,44000,,114000,114000,13000,44000,0,57000,57000,
,310116106031,ECE,III,LEONA S,"1/638, 4th STREET",INJAMBAKKAM,CHENNAI 600 115,TN,600115,9444714605/9445111976,,4/2/1999,2016,GQ,DS,0,,,45000,44000,,89000,89000,0,0,0,89000,0,
,310116106032,ECE,III,MATHESH S,"3/1, NORTH STREET, KALSIRUNGALUR","SEEDEVI POST, ULUNDURPET TK.",VILLUPURAM DT. 606 205,TN,606205,9976376107/9578333815,,16/10/1998,2016,GQ,DS,0,,,25000,44000,,69000,69000,0,0,0,69000,0,
,310116106034,ECE,III,MOHAMMED SHEIK AFRIDI,"34/45, AYYASWAMY STREET",PUDUPET,CHENNAI 600 002,TN,600002,9381081083/9566121786/9444158102,,22/10/1998,2016,GQ,DS,0,,,25000,44000,,69000,69000,0,0,0,69000,0,
,310116106035,ECE,III,MUKESH D,"40, IYER STREET, VAYALUR & POST",PONNERI TK.,THIRUVALLORE DT. 601 203,TN,601203,9840072294/9500942304/8939672606,,16/07/1999,2016,MQ,DS,0,,,70000,44000,,114000,114000,0,0,0,114000,0,
,310116106036,ECE,III,MUTHUKUMAR B,"1/349, SUBRAMANI NAGAR 3rd STREET","JALLADIANPETTAI, PALLIKARANAI",CHENNAI 600 100,TN,600100,9578853150/9952007165,,16/07/1999,2016,GQ,DS,0,,,25000,44000,,69000,69000,0,0,0,69000,0,
,310116106037,ECE,III,MUZHUMATHI M,"42/18, RANGA MAISTRY STREET, SORKALPET",PANRUTI TK.,CUDDALORE DT. 607 001,TN,607001,9976657613/9894870189,,7/11/1998,2016,GQ,H,0,,,25000,,60000,85000,85000,0,0,0,85000,0,
,310116106038,ECE,III,NANDHAKUMAR M,"75, KARUKKUPATTI, IRUPPAALI POST",EDAPPADI TK.,SALEM DT. 637 101,TN,637101,9965680883/9788911103/8939673413,,16/09/1999,2016,GQ,H,0,,,25000,,60000,85000,85000,0,0,0,85000,0,
,310116106039,ECE,III,NIVEDITA S,"24, RANGA STREET, KADAPPERI",TAMBARAM,CHENNAI 600 045,TN,600045,9840592921/9940009343/22385692,,18/04/1996,2016,MQ,DS,0,,,70000,44000,,114000,114000,0,0,0,114000,0,
,310116106040,ECE,III,NIVEETHITHA M,"136/137, G.A.ROAD",OLD WASHERMENPET,CHENNAI 600 021,TN,600021,7845166680/9840598391,,17/12/1998,2016,GQ,DS,0,,,25000,44000,,69000,69000,0,0,0,69000,0,
,310116106041,ECE,III,OVIYA T,"54, NEHRUJI STREET","KAMARAJAPURAM, BODINAYAKKANUR",THENI DT. 625 582,TN,625582,9442025086/9500543628,,23/03/1999,2016,GQ,DS,0,,,45000,44000,,89000,89000,0,0,0,89000,0,
,310116106042,ECE,III,PADMA PRIYA B,"3, SEMPONE ODAI 1st STREET (KALLUKUTTAI)",KANDHANCHAVADI,CHENNAI 600 096,TN,600096,9382847419,,3/3/1999,2016,MQ,DS,0,,,45000,44000,,89000,89000,0,0,0,89000,0,
,310116106043,ECE,III,POOJA M,"2/652, PALLAVAN STREET, PANDIAN NAGAR",THORAIPAKKAM,CHENNAI 600 097,TN,600097,9841379447/8056283323/9791077833,,5/5/1999,2016,MQ,DS,0,,,0,44000,,44000,44000,0,20000,0,24000,20000,
,310116106044,ECE,III,PRAVIN R,"160/28, 17th STREET, 'O' BLOCK","AGATHIYAR NAGAR, VILLIVAKKAM",CHENNAI 600 049,TN,600049,9500148520/995291819,,27/07/1999,2016,MQ,DS,0,,,45000,44000,,89000,89000,0,0,0,89000,0,
,310116106045,ECE,III,PREETHAU G,"57, I FLOOR, KARPAGA NAGAR 2nd STREET",SELAIYUR,CHENNAI 600 073,TN,600073,9941187314/9941455050,,6/9/1998,2016,GQ,DS,0,,,45000,44000,,89000,89000,0,0,0,89000,0,
,310116106046,ECE,III,PREETHI K,"136, KAMALAR STREET, 74-PULIPAKKAM",CHENGALPATTU,KANCHIPURAM DT. 603 002,TN,603002,9791764380/9976288983/9629855101,,5/4/1998,2016,GQ,DS,0,,,25000,44000,,69000,69000,0,0,0,69000,0,
,310116106047,ECE,III,RAMU R,"1/95, SOUTH STREET, MELUR & POST",KALLAKURICHI TK.,VILLUPURAM DT. 606 201,TN,606201,9597546972/9597708582,,28/06/1998,2016,GQ,H,0,,,25000,,60000,85000,85000,0,0,0,85000,0,
,310116106048,ECE,III,ROHINI KAILAS,"2/95, ANNA SALAI, NH-3, MARAIMALAI NAGAR",CHENGALPATTU TK.,KANCHIPURAM DT. 603 209,TN,603209,9444861208/7598015122,,3/12/1998,2016,GQ,DS,0,,,25000,44000,,69000,69000,0,0,0,69000,0,
,310116106049,ECE,III,ROHINI SRI P K,"E-71, 3rd CROSS STREET, TNHB","THIRUVALLUVAR NAGAR, THIRUVANMIYUR",CHENNAI 600 041,TN,600041,9445151764/9840477693,,17/06/1999,2016,GQ,DS,0,,,45000,44000,,89000,89000,0,0,0,89000,0,
,310116106050,ECE,III,SAKTHIVEL A,"2/123, THANDHONI AMMAN KOIL STREET",UTHANDI,CHENNAI 600 119,TN,600119,8124936272,,25/01/1999,2016,GQ,DS,0,,,25000,44000,,69000,69000,0,0,0,69000,0,
,310116106051,ECE,III,SANGEETHA A,"319, 9th CROSS STREET, SRI SAI NAGAR",THORAIPAKKAM,CHENNAI 600 097,TN,600097,9840413200/9043902928,,19/02/1999,2016,GQ,DS,0,,,0,44000,,44000,44000,0,0,0,44000,0,
,310116106052,ECE,III,SANJAY B,"11, GOPAL CHETTY STREET",ANAKAPUTHUR,CHENNAI 600 070,TN,600070,7299464282/8678900137,,27/03/1999,2016,MQ,DS,0,,,70000,44000,,114000,114000,0,0,0,114000,0,
,310116106053,ECE,III,SANJAY ROHITH C,"3/224-C, 2nd STREET, PANDIAN NAGAR","VETUVANKENI, SHOLINGANALLUR TK.",CHENNAI 600 115,TN,600115,9884720194/9941198115,,13/07/1998,2016,MQ,DS,0,,,45000,44000,,89000,89000,45000,0,0,44000,45000,
,310116106054,ECE,III,SUREKHA E,"3/73-F, VEMBULI AMMAN STREET","5th CROSS STREET, PALAVAKKAM",CHENNAI 600 041,TN,600041,9551118583/7845802773,,11/5/1998,2016,GQ,DS,0,,,25000,44000,,69000,69000,0,0,0,69000,0,
,310116106055,ECE,III,SWATHI K,"2/338, PERUMAL KOIL STREET, NATHAM","NAVALUR POST, THIRUPORUR TK.",KANCHIPURAM DT. 603 130,TN,603130,9444499489/9677036300/8428301024,,17/11/1998,2016,GQ,DS,0,,,45000,44000,,89000,89000,0,0,0,89000,0,
,310116106056,ECE,III,SWETHA K S,"14, NEW VINAYAGAR KOIL STREET",NANGANALLUR,CHENNAI 600 061,TN,600061,9444036537/9976613629,,6/11/1998,2016,GQ,DS,0,,,45000,44000,,89000,89000,0,0,0,89000,0,
,310116106057,ECE,III,SWETHA RAMESHKUMAR,"36/21, 14th CROSS STREET","INDIRA NAGAR, ADYAR",CHENNAI 600 020,TN,600020,8056274568/8939880127,,23/01/1999,2016,MQ,DS,0,,,70000,44000,,114000,114000,0,0,0,114000,0,
,310116106058,ECE,III,VIJAYALAKSHMI S,"145, MIDDLE STREET, VEERASINGANKUPPAM","PERPERIYANKUPPAM POST, PANRUTI TK.",CUDDALORE DT. 607 805,TN,607805,9976115234/04142-266015,,5/10/1998,2016,GQ,H,0,,,45000,,60000,105000,105000,0,0,0,105000,0,
,310116106059,ECE,III,VIJAYARAGHAVAN R,"21, IYYAPPAN NAGAR, Dr.MOORTHY ROAD",KUMBAKONAM,TANJORE DT. 612 001,TN,612001,9360533255/8940558576,,24/03/1999,2016,MQ,DS,0,,,0,25000,,25000,25000,0,0,0,25000,0,
,310116106060,ECE,III,VIJAY S,"29/13, S-1, VADA AGARAM 1st STREET",CHOOLAIMEDU,CHENNAI 600 094,TN,600094,9003109848/8438121847,,24/02/1999,2016,MQ,DS,0,,,70000,44000,,114000,114000,0,0,0,114000,0,
,310116106061,ECE,III,VINOTHINI R,"49-A, KOTTAI VASAL KEEZHA VEETHI",UDAYARPALAYAM,ARIYALUR DT. 621 804,TN,621804,9626240447/8489419105,,15/02/1999,2016,GQ,H,0,,,45000,,60000,105000,105000,0,0,0,105000,0,
,310116106062,ECE,III,VINOTH M,"PLOT No.2, ALAPAKKAM, VALLAM",CHENGALPATTU,KANCHIPURAM DT. 603 001,TN,603001,9444914420/9944432583,,10/10/1998,2016,MQ,DS,0,,,70000,44000,,114000,114000,0,0,0,114000,0,
,310116106063,ECE,III,YUVARAJA M,"FLAT No.12,F-1, 4th CROSS STREET, CHANDRASEKARAN AVENUE",OKKIYAM THORAIPAKKAM,CHENNAI 600 097,TN,600097,9940385064,,10/6/1999,2016,GQ,DS,0,,,0,44000,,44000,44000,0,0,0,44000,0,
,310116106301,ECE,III,DINESH A,"29, 8TH STREET, SEMBON NAGAR","PERUNGUDI, CHENNAI 600096",CHENNAI 600 097,TN,600097,9790938079,,8/11/1997,2016,GQ,DS,0,,,25000,44000,,69000,69000,0,0,0,69000,0,
,310116105001,EEE,III,ADHAVAN R,"NORTH STREET, K.N.KUPPAM","UDAYARPALAYAM, KOOVATHUR POST",ARIYALUR DT. 621 803,TN,621803,8344432951/8344432950/9840373009,,24/07/1999,2016,GQ,H,0,,,45000,,60000,105000,105000,0,0,0,105000,0,
,310116105002,EEE,III,AJAY MURUGAN J,"B-1, TRACTOR STREET, BLOCK - 24","NEYVELI, KURINJIPADI TK.",CUDDALORE DT. 607 801,TN,607801,9443540102/9486223645,,12/12/1998,2016,GQ,H,0,,,45000,,60000,105000,105000,0,0,0,105000,0,
,310116105003,EEE,III,ANISH A,"18/90-A, POTTALKUZHI, AMMANDIVILAI POST",KALKULAM TK.,KANYAKUMARI DT. 629 204,TN,629204,9442377026/9442429040,,29/09/1998,2016,MQ,H,0,,,70000,,60000,130000,130000,0,0,0,130000,0,
,310116105004,EEE,III,BABU S,"2/216, M.G.R. 1st CROSS STREET",THIRUPORUR,KANCHIPURAM DT. 603 110,TN,603110,9840134389,,26/10/1998,2016,MQ,DS,0,,,45000,44000,,89000,89000,0,0,0,89000,0,
,310116105005,EEE,III,BALACHANDRAN R,"2/61, P.K.AGARAM & POST",LALGUDI TK.,TRICHY DT. 621 601,TN,621601,9994647561/9655236911,,28/06/1999,2016,MQ,H,0,,,70000,,30000,100000,100000,0,0,0,100000,0,
,310116105006,EEE,III,ELUMALAI V,"3/78, VANDIPUTHAIYAN KOIL STREET","PUDHUPAKKAM, THIRUPORUR TK.",KANCHIPURAM DT. 603 103,TN,603103,9840590036/9092747210,,23/04/1999,2016,MQ,DS,0,,,0,44000,,44000,44000,0,0,0,44000,0,
,310116105007,EEE,III,GOKULRAM I,"2-B, VAIGAI STREET, RAMNAGAR NORTH EXTN.",PUZHUTHIVAKKAM,CHENNAI 600 091,TN,600091,9884755647/9884550678,,13/07/1998,2016,GQ,DS,0,,,45000,44000,,89000,89000,0,0,0,89000,0,
,310116105008,EEE,III,NARESH M V,97th STREET,ASHOK NAGAR,CHENNAI 600 078,TN,600078,9092329999/7338963332/9710959699,,24/04/1999,2016,GQ,DS,0,,,25000,44000,,69000,69000,25000,14000,0,30000,39000,
,310116105009,EEE,III,PANGAJA K,"B-16, ANNAMALAINATHAR SANNATHI STREET",MANNARGUDI,THIRUVARUR DT. 614 001,TN,614001,9944768911/8760475490/04367-220573,,28/10/1997,2016,GQ,H,0,,,0,,60000,60000,60000,0,0,0,60000,0,
,310116105010,EEE,III,PAVITHRA K,"B-16, ANNAMALAINATHAR SANNATHI STREET",MANNARGUDI,THIRUVARUR DT. 614 001,TN,614001,9944768911/8760475490/04367-220573,,28/10/1997,2016,GQ,H,0,,,0,,60000,60000,60000,0,0,0,60000,0,
,310116105011,EEE,III,PITCHAIMANI D,"4/44, KEEZHA STREET, P.K.AGARAM & POST",LALGUDI TK.,TRICHY DT. 621 105,TN,621105,9787688525/9715355245,,27/04/1999,2016,GQ,H,0,,,25000,,60000,85000,85000,0,0,0,85000,0,
,310116105012,EEE,III,PRADEEPA P,"150, PILLAYAR KOIL STREET",THIRUVANMIYUR,CHENNAI 600 041,TN,600041,8939500301,,4/11/1998,2016,GQ,DS,0,,,25000,44000,,69000,69000,0,0,0,69000,0,
,310116105013,EEE,III,PRAGASAN S,"150, SOUTH RING ROAD, DAE TOWNSHIP",KALPAKKAM,KANCHIPURAM DT. 603 102,TN,603102,9444435596/9445783956/9445397488,,17/04/1998,2016,GQ,DS,0,,,45000,44000,,89000,89000,0,0,0,89000,0,
,310116105014,EEE,III,SARAVANAKUMAR S,"17/9, GOVINDA PILLAI STREET",TARAMANI,CHENNAI 600 113,TN,600113,9962770849/9094016072,,2/8/1999,2016,GQ,DS,0,,,25000,44000,,69000,69000,0,0,0,69000,0,
,310116105015,EEE,III,VIGNESH S,"60/F1, NAICKANUR",UTHANGUDI TK.,KRISHNAGIRI DT. 635 307,TN,635307,99653776891/7502135637/9597383920,,16/05/1999,2016,GQ,H,0,,,45000,,60000,105000,105000,0,0,0,105000,0,
,310116105016,EEE,III,VINOTH M,"17, RAMARAJ NAGAR 9th STREET","ATHIPATTU, PONNERI TK.",THIRUVALLORE DT. 600 057,TN,600057,9940357810/9940334634,,2/3/1999,2016,MQ,DS,0,,,70000,44000,,114000,114000,0,0,0,114000,0,
,310116105017,EEE,III,YOKESHKUMAR K J,"167, PALKALAI NAGAR",PALAVAKKAM,CHENNAI 600 041,TN,600041,9444374273/24511116,,26/10/1998,2016,MQ,DS,0,,,70000,44000,,114000,114000,0,0,0,114000,0,
,310116105301,EEE,III,KOUSIGAN E,"380, RAMASAMIPURAM, MELPALOOR",TIRUVANNMALAI,,,,9940273382/9500785903,,29/12/1998,2016,GQ,DS,0,,,45000,44000,,89000,89000,0,0,0,89000,0,
,310116107002,EIE,III,MANIKANDAN R,"917, BLOCK-6, MANJAVAYAL","THAMARANKOTTAI SOUTH, PATTUKKOTTAI TK.",THANJAVUR DT. 614 613,TN,614613,9715392318/8525930023/9940458955,,26/07/1999,2016,GQ,DS,5000,,,25000,44000,,69000,71000,0,39000,0,30000,44000,
,310116107003,EIE,III,PRANAV SADAGOPAN G,"F-3, ARRR VILLAS, UTHAMAR GANDHI ROAD","MEDAVAKKAM MAIN ROAD, VANUVAMPET",CHENNAI 600 091,TN,600091,9489842751/9486338923/9944992378,,1/6/1999,2016,MQ,DS,0,,,70000,44000,,114000,114000,0,0,0,114000,0,
,310116107004,EIE,III,RAGUL RAGAVENDREN S,"O No.43/N.No.20, RAJAGOPAL STREET",CHINTADRIPET,CHENNAI 600 002,TN,600002,9840650668/9094672123,,31/07/1998,2016,GQ,DS,0,,,45000,44000,,89000,89000,0,0,0,89000,0,
,310116107005,EIE,III,RANJANA D,"1/170, PILLAYAR KOIL STREET","PAIYANOOR, THIRUPORUR TK.",KANCHIPURAM DT. 603 104,TN,603104,9677255609/8056092618/8939728065,,16/08/1999,2016,MQ,DS,0,,,70000,44000,,114000,114000,0,0,0,114000,0,
,310116107006,EIE,III,ROOPAVATHY V,"4/14-B, KALIAMMAN KOIL STREET, PUDHU EDAYURKUPPAM","SALUVANKUPPAM, MAMALLAPURAM, THIRUPORUR TK.",KANCHIPURAM DT. 603 104,TN,603104,9840366757/7200648651,,3/7/1998,2016,GQ,DS,0,,,25000,44000,,69000,69000,0,0,0,69000,0,
,310116114001,MECH,III,ABDUL ASHIK A,"4/168, ANNAI SATHYA STREET",KOTTIVAKKAM,CHENNAI 600 041,TN,600041,9841301554/9677094451,,25/10/1998,2016,GQ,DS,0,,,25000,44000,,69000,69000,0,0,0,69000,0,
,310116114002,MECH,III,ABIRAMAN H,"241/8, CHEMPLAST COLONY, AGASTHIAMPALLI",VEDARANIAM TK.,NAGAI DT. 614 810,TN,614810,9976423365/9965998457,,22/04/1999,2016,GQ,H,0,,,45000,0,60000,105000,105000,0,0,0,105000,0,
,310116114003,MECH,III,AKASH R S,"1/142, MAIN ROAD, MEENAMANALLUR X","MEENAMANALLUR POST, MANNARGUDI TK.",THIRUVARUR DT. 614 710,TN,614710,9655515309/8489772336,,13/05/1999,2016,GQ,H,0,,,0,0,60000,60000,60000,0,0,0,60000,0,
,310116114004,MECH,III,ANBIN GETHSEMAN A L,"5-9D, AZHAGANPARAI, MANAVALAKURICHI VIA",KALKULAM TK.,KANYAKUMARI DT. 629 252,TN,629252,9488427077/9442654331,,11/5/1998,2016,GQ,H,0,,,45000,0,60000,105000,105000,0,0,0,105000,0,
,0,MECH,III,ARUN KUMAR B,"956, MYLAI BALAJI NAGAR",PALLIKARANAI,CHENNAI 600 100,TN,600100,9566026895/7299850263,,21/06/1998,2016,GQ,DS,0,,,45000,44000,,89000,89000,45000,44000,0,0,89000,
,310116114006,MECH,III,ARUN KUMAR P,"1, NEW STREET, PERIYAGARAM",GINGEE,VILLUPURAM DT. 604 202,TN,604202,9489481139/9003074572/04145-223721,,12/6/1999,2016,GQ,DS,0,,,25000,22000,30000,77000,77000,0,0,0,77000,0,
,310116114007,MECH,III,ARUN THANGA RAJ M,"3/922-D, PILLAYAR KOIL STREET",METTUKUPPAM,CHENNAI 600 097,TN,600097,9841714581,,9/4/1999,2016,GQ,DS,0,,,25000,44000,,69000,69000,0,0,0,69000,0,
,310116114008,MECH,III,ATHVIK M,"184/16, DEPOT OPPOSITE STREET","KRISHNAPURAM, GINGEE",VILLUPURAM DT. 604 202,TN,604202,9751037717/9626645374/04145-224266,,31/10/1998,2016,MQ,H,0,,,70000,0,60000,130000,130000,70000,0,60000,0,130000,
,310116114009,MECH,III,AYOTHI RAMAN P,"185, OLD STREET",DEVANAMPATTU,THIRUVANNAMALI DT. 606 802,TN,606802,9095943645/9943773094,,8/4/1999,2016,GQ,H,0,,,45000,0,60000,105000,105000,0,0,0,105000,0,
,310116114010,MECH,III,AZHAGURAJA M,"574, PERIYAR NAGAR",KALPAKKAM,KANCHIPURAM DT. 603 102,TN,603102,9655695774,,25/01/1999,2016,GQ,DS,0,,,25000,44000,,69000,69000,25000,4000,0,40000,29000,
,310116114011,MECH,III,BATHRINATH L,"15/18, NATESAN STREET",T.NAGAR,CHENNAI 600 017,TN,600017,8122914614/8124664672,,23/11/1998,2016,GQ,DS,0,,,45000,44000,,89000,89000,0,0,0,89000,0,
,310116114012,MECH,III,BUVANESWARAN M,"85/48, PUTHUVANIYNKULA STRETT",THIRUVANNAMALAI,THIRUVANNAMALAI DT. 606 601,TN,606601,9786298085/9751038686,,25/05/1999,2016,GQ,H,0,,,25000,0,60000,85000,85000,25000,0,60000,0,85000,
,310116114013,MECH,III,DAVIDSON H,"16-A, BAJANAI KOIL STREET","BHARATHI NAGAR, SELAIYUR",CHENNAI 600 073,TN,600073,9444690308/9444690370,,4/11/1998,2016,GQ,DS,0,,,0,44000,,44000,44000,0,0,0,44000,0,
,310116114014,MECH,III,DINESH KUMAR V,"1/56, PERUMAL KOIL STREET","MADAYATHUR & POST, THIRUPORUR TK.",KANCHIPURAM DT. 603 108,TN,603108,9042942552,,25/07/1998,2016,GQ,DS,0,,,45000,44000,,89000,89000,0,0,0,89000,0,
,310116114015,MECH,III,GANESAN V,"596P/1, 5th CROSS STREET, RAHMATH GOLDEN CITY","MELAMAYUR, CHENGALPATTU",KANCHIPURAM DT. 603 002,TN,603002,9865496210/7708323310,,6/1/1999,2016,MQ,DS,0,,,70000,44000,,114000,114000,70000,44000,0,0,114000,
,310116114016,MECH,III,GANESH M,"PLOT No.73, SHIRIDI SAI NAGAR, I MAIN ROAD",MADAMBAKKAM,CHENNAI 600 126,TN,600126,9884875010/9790143597,,11/10/1998,2016,GQ,DS,0,,,45000,44000,,89000,89000,0,0,0,89000,0,
,310116114017,MECH,III,GANESHPRABHU P,"19/3, VENKATAKRISHNA NAGAR II STREET",ARUMBAKKAM,CHENNAI 600 106,TN,600106,8428344671/8825220449,,15/03/1999,2016,MQ,DS,0,,,70000,44000,,114000,114000,0,0,0,114000,0,
,310116114018,MECH,III,GOWTHAAM R P,"53/A, YESWANTH NAGAR",MADAMBAKKAM,CHENNAI 600 126,TN,600126,9176222506,,16/09/1998,2016,GQ,DS,0,,,25000,44000,,69000,69000,0,0,0,69000,0,
,310116114019,MECH,III,HARI KRISHNAN V,"6/9, SUNDARAR STREET",VIRUDHACHALAM,CUDDALORE 606 001,TN,606001,8056464999,,7/6/1998,2016,GQ,H,0,,,45000,0,60000,105000,105000,5000,0,10000,90000,15000,
,310116114020,MECH,III,JAINITHISH K C,"3/185, SAKTHI SRINIVASAN SALAI","KUMARAN KUDIL EXTN., THORAIPAKKAM",CHENNAI 600 097,TN,600097,9841007027/9677044913,,25/11/1998,2016,MQ,DS,0,,,70000,44000,,114000,114000,0,0,0,114000,0,
,310116114021,MECH,III,JAYARAJ B,"1541, NORTH STREET, KOOVATHUR",UDAYARPALAYAM,ARIYALUR 621 803,TN,621803,9095127942/9942229157,,2/7/1999,2016,GQ,H,0,,,25000,0,60000,85000,85000,0,0,0,85000,0,
,310116114022,MECH,III,JAYASANKAR S,"93-E, TYPE-I, SWAMY VIVEKANANDAR STREET","BLOCK-5, NEYVELI",CUDDALORE DT. 607 803,TN,607803,9488808313/9488808315/9445523314,,14/02/1999,2016,GQ,H,0,,,25000,0,60000,85000,85000,0,0,0,85000,0,
,310116114023,MECH,III,JEGAN M,"3/402, NEW MARKET STREET",ARIYALUR,ARIYALUR DT. 621 704,TN,621704,9787961074/9655980027/8220478931,,28/06/1999,2016,GQ,H,0,,,25000,0,60000,85000,85000,0,0,0,85000,0,
,310116114024,MECH,III,KALAISELVAN G,"10/49-B, SOUTH STREET, MELAKUPPAM","NEYVELI, VIRUDHACHALAM TK.",CUDDALORE DT. 607 802,TN,607802,9751053569/9047673050,,22/05/1998,2016,GQ,H,0,,,25000,0,60000,85000,85000,0,0,0,85000,0,
,310116114025,MECH,III,KAMALAKANNAN S,"2/9-A, YADHAVA STREET, MELASIRUPOTHU & POST",MUTHUKULATHUR TK.,RAMANATHAPURAM DT. 623 704,TN,623704,9659664817/9688143299/9962326597,,30/05/1998,2016,GQ,H,0,,,25000,0,60000,85000,85000,0,0,0,85000,0,
,310116114026,MECH,III,KARTHICK S,"FLAT No.54/14, No.1, ALAGAR PERUMAL KOIL STREET",VADAPALANI,CHENNAI 600 026,TN,600026,9094094373/9092171742,,16/11/1998,2016,GQ,DS,0,,,25000,44000,,69000,69000,0,0,0,69000,0,
,310116114027,MECH,III,KESAVAN R,"7, SARAVANAN STREET",JALADIANPET,CHENNAI 600 100,TN,600100,9444860600/7200107716,,19/05/1999,2016,GQ,DS,0,,,25000,44000,,69000,69000,0,0,0,69000,0,
,310116114028,MECH,III,KIRANRAJ K,"21/11, MUTHUVEL LAY OUT, 7th STREET",K.K.ROAD,VILLUPURAM 605 602,TN,605602,9865160779/9751307858,,20/01/1999,2016,GQ,H,0,,,25000,0,60000,85000,85000,0,0,0,85000,0,
,310116114029,MECH,III,KISHOREKUMAR S,"3, BOOPATHY NAGAR 4th CROSS STREET",SHOLINGANALLUR,CHENNAI 600 119,TN,600119,9884032888/9444280839/24501903,,22/12/1998,2016,MQ,DS,0,,,70000,44000,,114000,114000,0,0,0,114000,0,
,310116114030,MECH,III,LOGANATHAN S,"1/12, THALIHALLI & POST",KRISHNAGIRI TK.,KRISHNAGIRI DT. 635 112,TN,635112,9585687747/9585687747,,12/5/1999,2016,GQ,H,0,,,25000,0,60000,85000,85000,0,0,0,85000,0,
,0,MECH,III,MADESH KANNAN M,"57, KALANIVASAL",PERAVURANI TK.,THANJAVUR DT. 614 804,TN,614804,9788040862,,14/08/1998,2016,GQ,H,65000,,,25000,0,60000,85000,150000,25000,0,60000,0,150000,
,310116114032,MECH,III,MAHESHRAJA M,"256/1, MIDDLE STREET, NAGAR & POST",VEPPUR TK.,CUDDALORE DT. 606 302,TN,606302,7502779343/9047661114/9626491216,,25/10/1998,2016,GQ,H,0,,,25000,0,60000,85000,85000,0,0,0,85000,0,
,310116114033,MECH,III,MANIKANDAN M,"107-B, 3rd STREET, GOVINDARAJAPURAM",GUDUVANCHERY,KANCHIPURAM DT. 603 202,TN,603202,9176692886/9710065152,,4/9/1999,2016,MQ,DS,0,,,70000,44000,,114000,114000,0,0,0,114000,0,
,310116114034,MECH,III,MOGESH M,"4/16, 5th STREET, GOVINDASAMY NAGAR",KANDANCHAVADI,CHENNAI 600 096,TN,600096,9962116209/9952053737,,23/05/1999,2016,GQ,DS,0,,,45000,44000,,89000,89000,0,0,0,89000,0,
,310116114035,MECH,III,MOHAMED YUNUS M,"53-1, 19-B, BASTHI STREET, NATHAM",CHENGALPATTU,KANCHIPURAM DT. 603 001,TN,603001,9585718158/9994172586,,9/9/1998,2016,MQ,DS,0,,,45000,44000,,89000,89000,0,39000,0,50000,39000,
,310116114036,MECH,III,MOHAMMED NAZRUDEEN K,"6-D, TNPHC QUARTERS, BIG NATHAM",CHENGALPATTU,KANCHIPURAM DT. 603 002,TN,603002,9498155856/9444549524/9444549508,,17/07/1999,2016,GQ,DS,0,,,45000,44000,,89000,89000,0,0,0,89000,0,
,310116114037,MECH,III,MUHILAN T,"PLOT No.122, POSTAL COLONY 2nd STREET",NANJIKOTTAI ROAD,THANJAVUR 613 006,TN,613006,9751844077/9787945758,,26/06/1999,2016,GQ,H,0,,,45000,0,60000,105000,105000,0,0,0,105000,0,
,310116114038,MECH,III,NAGARAJ G,"2/168-A, ANNA ENCLAVE",INJAMBAKKAM,CHENNAI 600 115,TN,600115,9092265256/8148352985/8122487541,,28/05/1998,2016,GQ,DS,0,,,25000,44000,,69000,69000,0,0,0,69000,0,
,310116114039,MECH,III,NARESH  KUMAR P,"OLD No.15/2, NEW No.35, VENKATESAN STREET",ROYAPURAM,CHENNAI 600 013,TN,600013,9962188225/9566186065,,26/06/1999,2016,MQ,DS,0,,,70000,44000,,114000,114000,0,0,0,114000,0,
,310116114040,MECH,III,NAVANEETHA KRISHNA M R,"21, PROFESSOR COLONY",TAMBARAM EAST,CHENNAI 600 059,TN,600059,9445070149/9445424149,,20/02/1998,2016,MQ,DS,0,,,70000,44000,,114000,114000,0,0,0,114000,0,
,310116114041,MECH,III,NAVEEN KUMAR N,"PLOT No.45, 10th CROSS STREET, PTC QUARTERS",OKKIYAM THORAIPAKKAM,CHENNAI 600 097,TN,600097,9884388533/9043178877,,22/02/1999,2016,GQ,DS,0,,,45000,44000,,89000,89000,5000,44000,0,40000,49000,
,310116114043,MECH,III,NAVEEN S,"4/40, SEELAKARA STREET",PANRUTI,CUDDALORE DT. 607 106,TN,607106,9488943859/9976983342/9840468111,,19/11/1998,2016,MQ,DS,0,,,45000,44000,,89000,89000,0,0,0,89000,0,
,310116114042,MECH,III,NAVEENKUMAR P,"6, AVVAIYAR STREET","GUDUVANCHERY, CHENGALPATTU TK.",KANCHIPURAM DT. 603 202,TN,603202,8682805426/8682930278,,26/05/1999,2016,GQ,H,0,,,70000,0,60000,130000,130000,0,0,0,130000,0,
,310116114044,MECH,III,NIRRANJAN RAJA T,"103/28, WEST MADA STREET",THIRUVOTRIYUR,CHENNAI 600 019,TN,600019,9444264563/9444075268/25731563,,7/4/1999,2016,MQ,DS,0,,,70000,44000,,114000,114000,0,0,0,114000,0,
,310116114045,MECH,III,NIVAS C,"10-A, 2nd MAIN ROAD, A.R.G.NAGAR",OLD PALLAVARAM,CHENNAI 600 117,TN,600117,9444637897/9444615871/22471398,,13/01/1999,2016,MQ,DS,0,,,70000,44000,,114000,114000,0,0,0,114000,0,
,310116114046,MECH,III,PAZHANISAMI D,"148, BIG STREET, ANDIKUPPAM","KUZHIPANTHANDALAM, THIRUKALUKUNDRAM TK.",KANCHIPURAM DT. 603 109,TN,603109,8870334294/9597263235,,21/06/1999,2016,GQ,DS,0,,,25000,44000,,69000,69000,0,0,0,69000,0,
,310116114047,MECH,III,PRADEEP K,"3/295-E, THAAI NAGAR, THIRUKOILUR MAIN ROAD","VADATHORASALUR POST, KALLAKURICHI TK.",VILLUPURAM DT. 606 206,TN,606206,9498152059/9487700374/9498152059,,24/04/1999,2016,GQ,H,0,,,0,0,60000,60000,60000,0,0,10000,50000,10000,
,310116114048,MECH,III,PRADEEPKUMAR R,"4/135, ROTTU STREET, POONGUDI","ANNIYUR POST, KUDAVASAL TK.",THIRUVARUR DT. 612 201,TN,612201,9442789278/8300144546,,25/05/1999,2016,GQ,H,0,,,25000,0,60000,85000,85000,0,0,0,85000,0,
,310116114049,MECH,III,PRASANTH R,"84/51, NEW AMARANJIPURAM STREET",TONDIARPET,CHENNAI 600 081,TN,600081,9043251501/9444615156,,21/09/1998,2016,GQ,DS,0,,,25000,44000,,69000,69000,0,0,0,69000,0,
,310116114050,MECH,III,PRAVEEN RAJ B,"8/5, CHETTY STREET MAIN ROAD","MEL AYANAMPAKKAM & POST, AMBATTUR TK.",CHENNAI 600 095,TN,600095,9003333476/9789898142,,5/8/1998,2016,GQ,DS,0,,,45000,44000,,89000,89000,0,0,0,89000,0,
,310116114051,MECH,III,PREAMNATH J,"2-B, MARIAMMAN KOIL STREET",NEYVELI,CUDDALORE DT. 607 802,TN,607802,9944223022/9095421700/9042194177,,4/10/1998,2016,MQ,DS,0,,,70000,44000,,114000,114000,0,0,0,114000,0,
,310116114052,MECH,III,PRUTHIVIYOGAN A,"5, KALLUKADAI STREET, SINGARATHOPPU",CUDDALORE PORT,CUDDALORE DT. 607 003,TN,607003,9750341476/9750341495,,28/09/1998,2016,GQ,H,0,,,45000,0,60000,105000,105000,0,0,0,105000,0,
,310116114054,MECH,III,RAJAGOPAL R,"1/283, KAVERI NAGAR, SATTANATHAPURAM & POST",SIRKAZHI TK.,NAGAPATTINAM DT. 609 109,TN,609109,7094651123/7708863171,,21/06/1999,2016,GQ,DS,0,,,25000,44000,,69000,69000,0,0,0,69000,0,
,310116114055,MECH,III,RAMJITH R,"14/918, TENKASI MAIN ROAD","PAVOORCHATRAM & POST, TENKASI TK.",TIRUNELVELI DT. 627 808,TN,627808,7502404942/04633-250818,,26/12/1997,2016,GQ,DS,0,,,45000,44000,,89000,89000,0,0,0,89000,0,
,310116114056,MECH,III,RAM KUMAR S,"90-M/9, THURUGAM MAIN ROAD",KALLAKURICHI,VILLUPURAM DT. 606 202,TN,606202,9952866165/8220735675,,23/04/1999,2016,MQ,H,0,,,70000,0,60000,130000,130000,20000,0,60000,50000,80000,
,310116114057,MECH,III,ROBIN MARVEL M,"3/494, 7th STREET, RAJESWARI NAGAR","KELAMBAKKAM, THIRUPORUR TK.",KANCHIPURAM DT. 603 103,TN,603103,9042303437,,11/5/1999,2016,MQ,DS,0,,,0,44000,,44000,44000,0,0,0,44000,0,
,310116114058,MECH,III,SAMSU APPAS MYTHEEN S,"91, MOHAMED SATHALI PURAM",TUTICORIN,TUTICORIN DT. 628 002,TN,628002,8940240491/9894983064/9884086919,,14/06/1999,2016,GQ,H,0,,,25000,0,60000,85000,85000,0,0,0,85000,0,
,310116114059,MECH,III,SANTHA KUMAR B,"21/20, KUPPUSAMY STREET",CHENGALPATTU,KANCHIPURAM DT. 603 001,TN,603001,9092068658/9965204710,,2/11/1998,2016,MQ,DS,0,,,70000,44000,,114000,114000,0,0,0,114000,0,
,310116114060,MECH,III,SARATHYNAYAGAM S,"167, SADRAS EAST, DAE TOWNSHIP","KALPAKKAM, THIRUKALUKUNDRAM TK.",KANCHIPURAM DT. 603 102,TN,603102,9445164417/27488986,,19/05/1999,2016,MQ,DS,0,,,70000,44000,,114000,114000,0,0,0,114000,0,
,310116114061,MECH,III,SARAVANAKUMAR P,"18, KAMARAJ NAGAR",CHIDAMBARAM,CUDDALORE DT. 608 001,TN,608001,9600529858/8883220670,,20/05/1998,2016,GQ,DS,0,,,25000,44000,,69000,69000,25000,14000,0,30000,39000,
,310116114062,MECH,III,SATHIYA MOORTHY I,"329,MARUNGUR MAIN ROAD, MARUNGUR & POST",PANRUTI TK.,CUDDALORE DT. 607 103,TN,607103,8807974970/9842765869,,7/5/1999,2016,MQ,H,0,,,70000,0,60000,130000,130000,0,0,0,130000,0,
,310116114063,MECH,III,SATHIYANARAYANAN P,"4/772, MAMBAKKAM MAIN ROAD, MAMBAKKAM",MELAKOTTAIYUR POST,KANCHIPURAM DT. 603 127,TN,603127,9444140030/9884896896,,9/6/1999,2016,MQ,DS,0,,,70000,44000,,114000,114000,0,0,0,114000,0,
,310116114064,MECH,III,SEDHURAJ V,"EAST STREET, VILAMBAR",KALLAKURICHI TK.,VILLUPURAM DT. 606 202,TN,606202,9952534598/9629562018/9840581509,,7/2/1999,2016,GQ,H,0,,,25000,0,60000,85000,85000,0,0,55000,30000,55000,
,310116114065,MECH,III,SHAHA ZAMEER I,"174, JEEVA NAGAR, PUDUPATTINAM",THIRUKALUKUNDRAM TK,KANCHIPURAM DT. 603 102,TN,603102,9952806789/9600610717,,12/4/1999,2016,MQ,DS,0,,,70000,44000,,114000,114000,0,14000,0,100000,14000,
,310116114066,MECH,III,SIBI CHANDER M,"1/74A-1, KALLANKADU, KURUVIKKARAMBAI POST",PERAVURANI TK.,THANJAVUR DT. 614 802,TN,614802,9865944558/9865012384/9894936015,,30/06/1999,2016,GQ,H,0,,,45000,0,60000,105000,105000,0,0,0,105000,0,
,310116114067,MECH,III,SRIDHAR M,"1/6, KURINJI COLONY, MARUTHI NAGAR",MAYILADUTHURAI,NAGAPATTINAM DT. 609 601,TN,609601,9442152974/7598452974/8903762974,,23/01/1999,2016,GQ,H,0,,,25000,0,60000,85000,85000,0,0,0,85000,0,
,310116114068,MECH,III,SRIDHAR T,"1/210, EAST STREET, SU.NALLUR",TANDARAI,THIRUVANNAMALAI DT. 606 804,TN,606804,9442945056/9791662970,,21/08/1999,2016,MQ,H,0,,,70000,0,60000,130000,130000,0,0,0,130000,0,
,310116114069,MECH,III,STEPHAN E,"78, MIDDLE STREET",RASAPETTAI,CUDDALORE 607 003,TN,607003,9942970891/9791247371,,17/06/1999,2016,GQ,H,0,,,45000,0,60000,105000,105000,0,0,0,105000,0,
,310116114070,MECH,III,SUDHARSAN S,"KAMARAJ NAGAR, EDANGANNI POST",UDAYARPALAYAM TK.,ARIYALUR DT. 612 904,TN,612904,9894539845/9750769373,,16/04/1999,2016,MQ,H,0,,,0,0,60000,60000,60000,0,0,0,60000,0,
,310116114071,MECH,III,SUNDAR RAM A,"1/85, OLD MAHABALIPURAM ROAD, NEAR SRI SAKTHI BIKES",KELAMBAKKAM,KANCHIPURAM DT. 603 103,TN,603103,9444200253/9159828188,,23/06/1999,2016,MQ,DS,0,,,70000,44000,,114000,114000,0,0,0,114000,0,
,310116114073,MECH,III,SURESH KUMAR V,"14, VEMBULI VINAYAGAR KOIL STREET",THIRUPORUR,KANCHIPURAM DT. 603 110,TN,603110,9940637884/9840283035,,9/9/1998,2016,GQ,DS,0,,,25000,44000,,69000,69000,0,0,0,69000,0,
,310116114075,MECH,III,THIRUNAVUKKARASU V,ESWARAN KOIL 4th STREET,THIRUPORUR,KANCHIPURAM DT. 603 110,TN,603110,9962776902/9655865037,,2/5/1999,2016,MQ,DS,0,,,70000,44000,,114000,114000,0,0,0,114000,0,
,310116114076,MECH,III,VAIRA MUTHU N,"1/3-2, RAMASAMYPATTI",KAMUTHY TK.,RAMANATHAPURAM DT. 623 603,TN,623603,8643050062/8098115848,,8/1/1999,2016,GQ,H,0,,,25000,0,60000,85000,85000,0,0,0,85000,0,
,310116114077,MECH,III,VANAVARAYAN R,"324, CHINNAPURANGANI STREET","KADAMBULIYUR POST, PANRUTI TK.",CUDDALORE DT. 607 103,TN,607103,8807974970/7502011935,,14/05/1998,2016,MQ,H,0,,,70000,0,60000,130000,130000,5000,0,60000,65000,65000,
,310116114078,MECH,III,VASANTHA RAJA M,"43-C, VANNAR III STREET",MEL SHANMUGAPURAM,TUTICORIN  628 003,TN,628003,9488103084/9488103064/9489103064,,2/7/1999,2016,MQ,DS,0,,,70000,44000,,114000,114000,0,0,0,114000,0,
,310116114079,MECH,III,VENKATESH KUMAR R,"8, NEHRUJI STREET",EAST GOVINDAPURAM,DINDIGUL 624 001,TN,624001,9600652855/8608820651/9940060221,,23/12/1998,2016,MQ,H,0,,,45000,0,60000,105000,105000,0,0,0,105000,0,
,310116114080,MECH,III,VIGNESH V,SRINIVASAN NAGAR 6th STREET,"KELAMBAKKAM, THIRUPORUR TK.",KANCHIPURAM DT. 603 103,TN,603103,9789933579/9840805120/9840805120,,30/06/1999,2016,GQ,DS,0,,,0,44000,,44000,44000,0,27000,0,17000,27000,
,310116114081,MECH,III,VIGNESHWAR R,"1/39, S1, KAMBAR STREET, KUNDRATHUR KOVUR",KOVUR POST,CHENNAI 600 128,TN,600128,9283165322/9962234529,,12/5/1998,2016,MQ,DS,0,,,70000,44000,,114000,114000,0,0,0,114000,0,
,310116114082,MECH,III,VIJAY R,"MIDDLE STREET, SIRUMANGALAM & POST",TITAGUDI TK.,CUDDALORE DT. 606 302,TN,606302,9626454585,,15/09/1997,2016,GQ,H,0,,,0,0,60000,60000,60000,0,0,30000,30000,30000,
,310116114083,MECH,III,VISHVA R K,"2/52-J, PELLAVILAI","PERUVILAI POST, AGASTHEESWARAM TK.",KANNIYAKUMARI DT. 629 003,TN,629003,9442760918,,2/2/1999,2016,MQ,H,0,,,70000,0,60000,130000,130000,0,0,0,130000,0,
,310116114084,MECH,III,VIVEKANANTHAN R,"PLOT No.6,FLAT No.15-A,G-1, BRINDAVAN STREET","KMS ENCLAVE, BALAIAH GARDEN, MADIPAKKAM",CHENNAI 600 091,TN,600091,9043565674/9841417132/98416941474,,18/11/1998,2016,MQ,DS,0,,,70000,44000,,114000,114000,0,0,0,114000,0,
,310116114085,MECH,III,YADHAVA KRISHNAN S,"12-B, 3rd CROSS STREET","TELEPHONES NAGAR, PERUNGUDI",CHENNAI 600 096,TN,600096,9962542482/9941481936,,6/4/1999,2016,MQ,DS,0,,,70000,44000,,114000,114000,0,0,0,114000,0,
,310116114086,MECH,III,YOGESHWARAN M,"9, 15th AVENUE",KALPAKKAM,KANCHIPURAM DT. 603 102,TN,603102,9940431700/9843760751,,21/03/1998,2016,MQ,DS,0,,,45000,44000,,89000,89000,0,0,0,89000,0,
,310116114301,MECH,III,MOHAMED HAKKIM MARAIKHAN S,"11/1953, WEST STREET, PANAIKULAM, RAMANATHAPURAM 623522",RAMANATHAPURAM,RAMANATHAPURAM 623522,TN,623522,9444703388/7598214913,,27/11/1998,2016,GQ,H,0,,,45000,0,60000,105000,105000,0,0,0,105000,0,
,310116114302,MECH,III,PADMANABAN S,"1/1041, THIRUVENGADA NAGAR","VADAKKUPETTU, MEDAVAKKAM",CHENNAI 600100,TN,600100,9551018140/9940249665,,10/4/1998,2016,GQ,DS,0,,,45000,44000,,89000,89000,5000,44000,0,40000,49000,
,310116114303,MECH,III,RAJAGANAPATHY V,"6, 11A, THIRUVALLUVAR STREET,","ANBU NAGAR, KEELKATTALAI, CHENNAI 600117",CHENNAI 600117,TN,600117,9940010050/8903491033,,16/09/1996,2016,MQ,DS,0,,,45000,44000,,89000,89000,0,0,0,89000,0,
,310116103001,CIVIL,III,AKASH B,"2/505, AGRAHARAM, PERUGAVAZHNTHAN & POST",MANNARGUDI TK.,THIRUVARUR DT. 614 705,TN,614705,9442962705,,15/02/1999,2016,GQ,H,0,,,40000,,60000,100000,100000,0,0,0,100000,0,
,310116103002,CIVIL,III,ASWIN B,"8/6-A, KARTHIGAIVADI, NAGERCOIL","NORTH SOORANKUDY POST, AGASTHEESWARAM TK.",KANNIYAKUMARI DT. 629 501,TN,629501,9965786188/7373593638,,3/10/1998,2016,GQ,DS,0,,,40000,44000,,84000,84000,0,0,0,84000,0,
,310116103003,CIVIL,III,BAKTHAVATCHALAM C,"222/1, ROHINI FLATS ANNA NAGAR WEST EXTN.",ANNA NAGAR WEST EXTN.,CHENNAI 600 101,TN,600101,9840742355/9840415738,,30/04/1999,2016,GQ,DS,0,,,,44000,,44000,44000,0,0,0,44000,0,
,310116103004,CIVIL,III,BHUVANESWARAN M,"3/470, AJITH NAGAR, SATHNKUPPAM","KELAMBAKKAM, THIRUPORUR TK.",KANCHIPURAM DT. 603 103,TN,603103,9840190240/9840367065,,20/12/1998,2016,GQ,DS,0,,,40000,5000,,45000,45000,40000,5000,0,0,45000,
,310116103006,CIVIL,III,KALAISELVAN J K,"51/3, H-BLOCK",KOTTURPURAM,CHENNAI 600 085,TN,600085,9841278337/9710617667,,27/09/1998,2016,MQ,DS,0,,,,23000,,23000,23000,0,0,0,23000,0,
,310116103007,CIVIL,III,SATHIYAMOORTHY T,"1/122, AYYAR STREET, KOOVATHUR & POST",CHEYYUR TK.,KANCHIPURAM DT. 603 305,TN,603305,9894898858/9551674758,,8/6/1999,2016,GQ,DS,0,,,,44000,,44000,44000,0,0,0,44000,0,
,310116103301,CIVIL,III,ASHOK PANDY E,"4/264, 53B, ALAGAPPA NAGAR, FIRST CROSS STREET","METTUKUPPAM, THORAIPAKKAM",CHENNAI 600097,TN,600097,9176050658/9884491161,,8/5/1999,2016,MQ,DS,0,,,40000,44000,,84000,84000,0,0,0,84000,0,
,310116103303,CIVIL,III,DINESH R,"5/16, CAUVERY STREET, RAJENDRA NAGAR",GINGEE - 604202,GINGEE - 604202,TN,604202,9787432543/8940509609,,10/3/1997,2016,GQ,DS,0,,,40000,44000,,84000,84000,0,0,0,84000,0,
,310116103304,CIVIL,III,TAMILELAMURUGAN M,"403, NORTH STREET, POOVATHUR, ORATHANADU",THANJAVUR - 614625,THANJAVUR - 614625,TN,614625,8056503230/9566782219,,6/11/1997,2016,MQ,H,0,,,50000,,60000,110000,110000,0,0,0,110000,0,
,310116103302,CIVIL,III,BORIS ANTONE A,"NO.5, POLICE QUARTERS, KELAMBAKKAM",KELAMBAKKAM 603103,KELAMBAKKAM 603103,TN,603103,9498147120/9941131988,,2/6/1999,2016,MQ,DS,0,,,40000,44000,,84000,84000,0,0,0,84000,0,
,310116205001,IT,III,AJITHKUMAR B,"11, VANJINATHAN STREET, BALAIAH GARDEN",MADIPAKKAM,CHENNAI 600 091,TN,600091,9551168535/8190015490/45568337,,30/09/1999,2016,GQ,DS,0,,,20000,44000,,64000,64000,0,0,0,64000,0,
,310116205002,IT,III,ANUSUYA DEVI C,"1, 1st STREET, THIRUMALAI NAGAR",OLD PERUNGALATHUR,CHENNAI 600 063,TN,600063,9677197017,,3/6/1999,2016,GQ,DS,0,,,40000,44000,,84000,84000,0,0,0,84000,0,
,310116205003,IT,III,BARATH KUMAR M,"59, RAJESWARI NAGAR, KELAMBAKKAM",THIRUPORUR TK.,KANCHIPURAM DT. 603 103,TN,603103,9841982938/9884848463,,4/6/1999,2016,MQ,DS,0,,,70000,44000,,114000,114000,0,0,0,114000,0,
,310116205004,IT,III,BHAVANI P,"20, THACHI ARUNACHALAM STREET",MYLAPORE,CHENNAI 600 004,TN,600004,8056269467/9940302517,,26/07/1999,2016,GQ,DS,0,,,20000,44000,,64000,64000,0,0,0,64000,0,
,310116205005,IT,III,DEEPIKA K,"4, VEMBADI VINAYAGAR KOIL STREET",THIRUPORUR,KANCHIPURAM DT. 603 110,TN,603110,8939569777,,8/12/1998,2016,MQ,DS,0,,,70000,44000,,114000,114000,0,0,0,114000,0,
,310116205006,IT,III,DHARANI R,"G-44, KAMARAJ SALAI",K.K.NAGAR,CHENNAI 600 078,TN,600078,9444645800/9444645936,,6/8/1998,2016,GQ,DS,0,,,40000,44000,,84000,84000,0,0,0,84000,0,
,310116205009,IT,III,GOKULAKRISHNAN S,"3/13, MAIN ROAD, ULLIKADAI & POST",PAPANASAM TK.,TANJORE DT. 614 202,TN,614202,9626813246/7867964732/8939435352,,19/05/1999,2016,MQ,DS,0,,,70000,44000,,114000,114000,5000,44000,0,65000,49000,
,310116205010,IT,III,GURUVISHWESHWARAN K S,"13/8-B, FLAT No.2, BAJANAI KOIL STREET",CHOOLAIMEDU,CHENNAI 600 094,TN,600094,9710400114/9841547481,,17/07/1999,2016,GQ,DS,0,,,40000,44000,,84000,84000,0,0,0,84000,0,
,310116205011,IT,III,HARINI J,"50, VEDAPADASALAI STREET, V.S.NAGAR","NEIKUPPI, KALPAKKAM POST (OPP ANUPURAM TOWNSHIP)",KANCHIPURAM DT. 603 102,TN,603102,9500254482/9600959658,,4/8/1997,2016,GQ,DS,0,,,20000,44000,,64000,64000,0,0,0,64000,0,
,310116205012,IT,III,HARINI T,"E-2/825, 47th CROSS STREET","THIRUVALLUVAR NAGAR, THIRUVANMIYUR",CHENNAI 600 041,TN,600041,9840157125/9176584422,,9/11/1998,2016,GQ,DS,0,,,40000,44000,,84000,84000,10000,0,0,74000,10000,
,310116205013,IT,III,HEMAVATHY R,"27, BAJANAI KOIL STREET, KORUKANTHANGAL","KATTANKOLATHUR POST, CHENGALPATTU TK.",KANCHIPURAM DT. 603 203,TN,603203,9003050298/9500098995,,16/09/1998,2016,GQ,DS,0,,,20000,44000,,64000,64000,0,0,0,64000,0,
,310116205014,IT,III,JASLIN JENIFER R,"24, THIRUVEEDHI AMMAN KOIL STREET",THIRUVANMIYUR,CHENNAI 600 041,TN,600041,9840353375,,5/11/1998,2016,MQ,DS,0,,,,44000,,44000,44000,0,0,0,44000,0,
,310116205015,IT,III,KAVIN M,"299/3, MARIAMMAN KOIL STREET, SANTHUR",POCHAMPALLI TK.,KRISHNAGIRI DT. 635 206,TN,635206,9965363352/8883698873/8883698874,,24/02/1999,2016,MQ,H,0,,,70000,,60000,130000,130000,0,0,0,130000,0,
,310116205016,IT,III,MOHAN RAJ R,"1-A, TANJORE MAIN ROAD, VENGAVAMPETTAI","ARAIYAPURAM POST, PAPANASAM TK.",THANJAVUR DT. 614 205,TN,614205,9943521020/9787707618,,29/03/1999,2016,GQ,DS,0,,,20000,44000,,64000,64000,0,0,0,64000,0,
,310116205017,IT,III,NANDHINI V,"25-E, JANSIRANI STREET,","THIRUVALLUVAR NAGAR, PERUNGUDI",CHENNAI 600 096,TN,600096,9941035352/8608693452,,18/05/1999,2016,GQ,DS,0,,,20000,44000,,64000,64000,0,0,0,64000,0,
,310116205018,IT,III,NITHYA S,"KATTUKOTTAI, VISUVAKUDI","ANNAMANGALAM POST, VEPPANTHATTAI TK.",PERAMBALUR DT. 621 102,TN,621102,9043991912/9159153067/9787349302,,11/11/1999,2016,GQ,H,0,,,40000,,60000,100000,100000,0,0,0,100000,0,
,310116205019,IT,III,PRASANNA VENKATESH N,"22, SUBBARAYAN STREET",KONDITHOPE,CHENNAI 600 079,TN,600079,9380421952/9941640652/25209037,,18/12/1998,2016,GQ,DS,0,,,40000,44000,,84000,84000,0,0,0,84000,0,
,310116205020,IT,III,PRAVEEN J,"106/49, RAJA RAJAN STREET",THIRUVANNAMALAI,THIRUVANNAMALAI DT. 606 601,TN,606601,9442311781/9486229232/9943723164,,15/08/1999,2016,GQ,H,0,,,20000,,60000,80000,80000,0,0,0,80000,0,
,310116205021,IT,III,PREETHA R,"674, INDRA NAGAR",VENGIKKAL,THIUVANNAMALAI DT. 606 604,TN,606604,9751106497/9626794103/9790706179,,6/5/1999,2016,GQ,DS,0,,,20000,44000,,64000,64000,0,0,0,64000,0,
,310116205022,IT,III,PRITYUSH S,"PLOT No. 30, No.8, NORTH SELVAGANAPATHY KOIL STREET","NARMADHA NAGAR, ULLAGARM",CHENNAI 600 091,TN,600091,9445509978/9498009978/22424316,,25/02/1998,2016,MQ,DS,0,,,70000,44000,,114000,114000,0,0,0,114000,0,
,310116205023,IT,III,SARANYA N,"279, EAST COAST ROAD, KRISHNANKARANAI","PATTIPULAM POST,THIRUPORUR TK.",KANCHIPURAM DT. 603 104,TN,603104,9840297261/9444719876,,11/8/1999,2016,GQ,DS,0,,,20000,44000,,64000,64000,0,0,0,64000,0,
,310116205024,IT,III,SARAVANAN D,"FLAT No.107, RAJESWARI NAGAR","KELAMBAKKAM, THIRUPORUR TK.",KANCHIPURAM DT. 603 103,TN,603103,9444506596/9087458410,,2/4/1999,2016,MQ,DS,0,,,70000,44000,,114000,114000,0,0,0,114000,0,
,310116205025,IT,III,SOUNDARYA S,"28/53, MOSQUE STREET",AMINJIKARAI,CHENNAI 600 029,TN,600029,9841813005/9941536522,,14/04/1999,2016,MQ,DS,0,,,70000,44000,,114000,114000,0,0,0,114000,0,
,310116205026,IT,III,SRI LEKHA U,"FLAT No.14, S.K.S.KAMATCHI NAGAR EXTN.",PATHIRIKUPPAM,CUDDALORE DT. 607 002,TN,607002,9994548069/9566461089,,21/02/1999,2016,GQ,H,0,,,20000,,60000,80000,80000,0,0,0,80000,0,
,310116205027,IT,III,SRINATH G,"35, NAKKEERAN STREET, MARAIMALAI NAGAR",CHENGALPATTU TK.,KANCHIPURAM DT. 603 209,TN,603209,9094593335/9566057095,,23/01/1999,2016,GQ,DS,0,,,20000,44000,,64000,64000,20000,44000,0,0,64000,
,310116205028,IT,III,SURIYA S,"49, NORTH STREET, EAST RAMAPURAM",WEST RAMAPURAM POST,CUDDALORE DT. 607 003,TN,607003,9952652551/8754993996,,15/07/1998,2016,GQ,H,0,,,40000,,60000,100000,100000,0,0,0,100000,0,
,310116205029,IT,III,THARUN KUMAR S,"7/5, SOUTH STREET, KANTHASAMYPURAM, VENKATRAMANUJAPURAM",UTHIRAMADANKUDIYIRUPPU TK.,THIRUCHENDUR 628 203,TN,628203,9788470070/9884873545/9942870970,,6/12/1998,2016,GQ,H,0,,,40000,,60000,100000,100000,0,0,0,100000,0,
,310116205030,IT,III,THULASIRAM A,"19-A, KAILASANATHAR METTU STREET",KANCHIPURAM 631 502,KANCHIPURAM DT.,TN,631502,7708014070/7418786411,,22/01/1999,2016,GQ,H,0,,,40000,,60000,100000,100000,0,0,0,100000,0,
,310116205031,IT,III,VASANTHA LAKSHMI SRI G,"3/129, NAKKEERAN SALAI, 24th STREET",MOGAPAIR EAST,CHENNAI 600 037,TN,600037,9884571339/9962486798,,25/09/1998,2016,GQ,DS,0,,,20000,44000,,64000,64000,0,0,0,64000,0,
,310116205032,IT,III,VENKATESH P,"5/32, KULATHUPALAYAM ROAD","THONDAMUTHUR, PERUR TK.",COIMBATORE DT. 641109,TN,641109,9159764693/9841167891,,23/10/1999,2016,GQ,H,0,,,20000,,60000,80000,80000,0,0,0,80000,0,
,310116205033,IT,III,VISHNU S,"3/147, NETHAJI NAGAR, ANNAMLAI PUDHUR","MELAMARUTHAPPAPURAM POST, V.K.PUDHUR TK.",TIRUNELVELI DT. 627 860,TN,627860,9526468331/9786587517/7358236306,,25/05/1999,2016,GQ,H,0,,,40000,,60000,100000,100000,0,0,0,100000,0,
,310116205034,IT,III,YUVASHREE S,"15, METTU STREET, DESUMUGIPET",THIRUKALUKUNDRAM,KANCHIPURAM DT. 603 109,TN,603109,9894379010/8056192952/8015664562,,21/11/1998,2016,GQ,DS,0,,,20000,44000,,64000,64000,0,0,0,64000,0,
